:020000040800F2
:100000000050002075210008F5190008FD190008AE
:10001000051A00080D1A0008151A00080000000053
:100020000000000000000000000000001D1A000891
:10003000291A000800000000351A0008411A0008BB
:10004000BD210008BD210008BD210008BD21000818
:10005000BD210008BD210008BD210008BD21000808
:10006000BD210008BD210008BD210008BD210008F8
:10007000BD210008BD210008BD210008BD210008E8
:10008000BD210008BD210008BD210008BD210008D8
:10009000BD210008BD210008BD210008BD210008C8
:1000A000BD210008BD210008BD210008BD210008B8
:1000B000BD210008BD2100084D1A0008BD2100081F
:1000C000BD210008BD210008BD210008BD21000898
:1000D000BD210008BD210008611A0008BD210008EB
:1000E000BD210008BD210008BD210008000000005E
:1000F0000000000000000000000000000000000000
:0C01000000000000000000005FF808F1A3
:1001100010B5054C237833B9044B13B10448AFF341
:1001200000800123237010BD0002002000000000A9
:10013000B0C7000808B5034B1BB103490348AFF330
:10014000008008BD0000000004020020B0C70008C5
:10015000034613F8012B002AFBD1181A0138704707
:1001600081F0004102E000BF83F0004330B54FEA68
:1001700041044FEA430594EA050F08BF90EA020FD5
:100180001FBF54EA000C55EA020C7FEA645C7FEA68
:10019000655C00F0E2804FEA5454D4EB5555B8BF8B
:1001A0006D420CDD2C4480EA020281EA030382EAFC
:1001B000000083EA010180EA020281EA0303362D8E
:1001C00088BF30BD11F0004F4FEA01314FF4801C61
:1001D0004CEA113102D0404261EB410113F0004F73
:1001E0004FEA03334CEA133302D0524263EB43032A
:1001F00094EA050F00F0A780A4F10104D5F1200EC8
:100200000DDB02FA0EFC22FA05F2801841F1000122
:1002100003FA0EF2801843FA05F359410EE0A5F1F6
:1002200020050EF1200E012A03FA0EFC28BF4CF027
:10023000020C43FA05F3C01851EBE37101F00045DD
:1002400007D54FF0000EDCF1000C7EEB00006EEBEA
:100250000101B1F5801F1BD3B1F5001F0CD3490874
:100260005FEA30004FEA3C0C04F101044FEA4452CB
:1002700012F5800F80F09A80BCF1004F08BF5FEA52
:10028000500C50F1000041EB045141EA050130BD32
:100290005FEA4C0C404141EB0101013C28BFB1F544
:1002A000801FE9D291F0000F04BF01460020B1FA8F
:1002B00081F308BF2033A3F10B03B3F120020CDA62
:1002C0000C3208DD02F1140CC2F10C0201FA0CF040
:1002D00021FA02F10CE002F11402D8BFC2F1200CA5
:1002E00001FA02F120FA0CFCDCBF41EA0C0190405B
:1002F000E41AA2BF01EB0451294330BD6FEA0404A4
:100300001F3C1CDA0C340EDC04F11404C4F120028E
:1003100020FA04F001FA02F340EA030021FA04F3A0
:1003200045EA030130BDC4F10C04C4F1200220FAF7
:1003300002F001FA04F340EA0300294630BD21FA35
:1003400004F0294630BD94F0000F83F4801306BFFB
:1003500081F480110134013D4EE77FEA645C18BFEF
:100360007FEA655C29D094EA050F08BF90EA020F86
:1003700005D054EA000C04BF1946104630BD91EA7E
:10038000030F1EBF0021002030BD5FEA545C05D181
:100390004000494128BF41F0004130BD14F58004C0
:1003A0003CBF01F5801130BD01F0004545F0FE4134
:1003B00041F470014FF0000030BD7FEA645C1ABF69
:1003C000194610467FEA655C1CBF0B46024650EAA0
:1003D000013406BF52EA033591EA030F41F40021CC
:1003E00030BD00BF90F0000F04BF0021704730B552
:1003F0004FF4806404F132044FF000054FF0000127
:1004000050E700BF90F0000F04BF0021704730B5E7
:100410004FF4806404F1320410F0004548BF4042BC
:100420004FF000013EE700BF42004FEAE2014FEA11
:1004300031014FEA02701FBF12F07F4393F07F4FEC
:1004400081F06051704732F07F4208BF704793F0EF
:100450007F4F04BF41F40021704730B54FF4607402
:1004600001F0004521F000411CE700BF50EA010205
:1004700008BF704730B54FF000050AE050EA0102AE
:1004800008BF704730B511F0004502D5404261EB1E
:1004900041014FF4806404F132045FEA915C3FF45F
:1004A000D8AE4FF003025FEADC0C18BF03325FEAFC
:1004B000DC0C18BF033202EBDC02C2F1200300FAAD
:1004C00003FC20FA02F001FA03FE40EA0E0021FAD2
:1004D00002F11444BDE600BF70B54FF0FF0C4CF4C0
:1004E000E06C1CEA11541DBF1CEA135594EA0C0F72
:1004F00095EA0C0F00F0DEF82C4481EA030621EAAD
:100500004C5123EA4C5350EA013518BF52EA0335E7
:1005100041F4801143F4801338D0A0FB02CE4FF099
:100520000005E1FB02E506F00042E0FB03E54FF0C9
:100530000006E1FB03569CF0000F18BF4EF0010EC1
:10054000A4F1FF04B6F5007F64F5407404D25FEABD
:100550004E0E6D4146EB060642EAC62141EA555170
:100560004FEAC52040EA5E504FEACE2EB4F1FD0CB2
:1005700088BFBCF5E06F1ED8BEF1004F08BF5FEA30
:10058000500E50F1000041EB045170BD06F00046E2
:1005900046EA010140EA020081EA0301B4EB5C048F
:1005A000C2BFD4EB0C0541EA045170BD41F4801187
:1005B0004FF0000E013C00F3AB8014F1360FDEBFAC
:1005C000002001F0004170BDC4F10004203C35DA88
:1005D0000C341BDC04F11404C4F1200500FA05F30B
:1005E00020FA04F001FA05F240EA020001F00042AC
:1005F00021F0004110EBD37021FA04F642EB060122
:100600005EEA430E08BF20EAD37070BDC4F10C044B
:10061000C4F1200500FA04F320FA05F001FA04F20F
:1006200040EA020001F0004110EBD37041F10001FB
:100630005EEA430E08BF20EAD37070BDC4F1200506
:1006400000FA05F24EEA020E20FA04F301FA05F26E
:1006500043EA020321FA04F001F0004121FA04F216
:1006600020EA020000EBD3705EEA430E08BF20EAE6
:10067000D37070BD94F0000F0FD101F00046400020
:1006800041EB010111F4801F08BF013CF7D041EAA2
:10069000060195F0000F18BF704703F000465200A6
:1006A00043EB030313F4801F08BF013DF7D043EA77
:1006B0000603704794EA0C0F0CEA135518BF95EA2D
:1006C0000C0F0CD050EA410618BF52EA4306D1D1B4
:1006D00081EA030101F000414FF0000070BD50EAD3
:1006E000410606BF1046194652EA430619D094EA5D
:1006F0000C0F02D150EA013613D195EA0C0F05D147
:1007000052EA03361CBF104619460AD181EA03019A
:1007100001F0004141F0FE4141F470014FF0000052
:1007200070BD41F0FE4141F4780170BD70B54FF0ED
:10073000FF0C4CF4E06C1CEA11541DBF1CEA13556D
:1007400094EA0C0F95EA0C0F00F0A7F8A4EB05044F
:1007500081EA030E52EA03354FEA013100F0888046
:100760004FEA03334FF0805545EA131343EA12630F
:100770004FEA022245EA111545EA10654FEA0026C4
:100780000EF000419D4208BF964244F1FD0404F57D
:10079000407402D25B084FEA3202B61A65EB0305D9
:1007A0005B084FEA32024FF480104FF4002CB6EB96
:1007B000020E75EB030E22BFB61A754640EA0C0016
:1007C0005B084FEA3202B6EB020E75EB030E22BF56
:1007D000B61A754640EA5C005B084FEA3202B6EB97
:1007E000020E75EB030E22BFB61A754640EA9C0056
:1007F0005B084FEA3202B6EB020E75EB030E22BF26
:10080000B61A754640EADC0055EA060E18D04FEAE3
:10081000051545EA16754FEA06164FEAC30343EA83
:1008200052734FEAC2025FEA1C1CC0D111F4801F50
:100830000BD141EA00014FF000004FF0004CB6E749
:1008400011F4801F04BF01430020B4F1FD0C88BFE8
:10085000BCF5E06F3FF6AFAEB5EB030C04BFB6EBF3
:10086000020C5FEA500C50F1000041EB045170BDE6
:100870000EF0004E4EEA113114EB5C04C2BFD4EB13
:100880000C0541EA045170BD41F480114FF0000E97
:10089000013C90E645EA060E8DE60CEA135594EA13
:1008A0000C0F08BF95EA0C0F3FF43BAF94EA0C0F16
:1008B0000AD150EA01347FF434AF95EA0C0F7FF48B
:1008C00025AF104619462CE795EA0C0F06D152EADF
:1008D00003353FF4FDAE1046194622E750EA4106C3
:1008E00018BF52EA43067FF4C5AE50EA41047FF4D4
:1008F0000DAF52EA43057FF4EBAE12E74FF0FF3C39
:1009000006E000BF4FF0010C02E000BF4FF0010C09
:100910004DF804CD4FEA410C7FEA6C5C4FEA430C82
:1009200018BF7FEA6C5C1BD001B050EA410C0CBFD1
:1009300052EA430C91EA030F02BF90EA020F002033
:10094000704710F1000F91EA030F58BF994208BF9A
:1009500090422CBFD8176FEAE37040F00100704757
:100960004FEA410C7FEA6C5C02D150EA013C07D1AE
:100970004FEA430C7FEA6C5CD6D152EA033CD3D0F9
:100980005DF8040B704700BF8446104662468C46F3
:100990001946634600E000BF01B5FFF7B7FF002826
:1009A00048BF10F1000F01BD4DF808EDFFF7F4FF4F
:1009B0000CBF012000205DF808FB00BF4DF808EDDA
:1009C000FFF7EAFF34BF012000205DF808FB00BFFD
:1009D0004DF808EDFFF7E0FF94BF012000205DF81F
:1009E00008FB00BF4DF808EDFFF7CEFF94BF0120D4
:1009F00000205DF808FB00BF4DF808EDFFF7C4FFCD
:100A000034BF012000205DF808FB00BF4FEA410C15
:100A10007FEA6C5C02D150EA013C0AD14FEA430CF8
:100A20007FEA6C5C02D152EA033C02D14FF0000035
:100A300070474FF0010070474FEA410212F5001273
:100A400015D211D56FF47873B3EB625212D94FEA15
:100A5000C12343F0004343EA505311F0004F23FAFF
:100A600002F018BF404270474FF00000704750EA54
:100A7000013005D111F0004008BF6FF00040704711
:100A80004FF00000704700BF4A0011D212F500126B
:100A900011D20DD56FF47873B3EB62520ED44FEAD6
:100AA000C12343F0004343EA505323FA02F0704756
:100AB0004FF00000704750EA013002D14FF0FF3094
:100AC00070474FF0000070474FEA4102B2F1E04337
:100AD00024BFB3F5001CDCF1FE5C0DD901F0004C25
:100AE0004FEAC0024CEA5070B2F1004F40EB830075
:100AF00008BF20F00100704711F0804F21D113F1A1
:100B00003872BCBF01F00040704741F480114FEAD9
:100B10005252C2F11802C2F1200C10FA0CF320FA62
:100B200002F018BF40F001004FEAC1234FEAD3237F
:100B300003FA0CFC40EA0C0023FA02F34FEA4303E9
:100B4000CCE77FEA625307D150EA01331EBF4FF072
:100B5000FE4040F44000704701F0004040F0FE408D
:100B600040F40000704700BF80F0004002E000BF8A
:100B700081F0004142001FBF5FEA410392EA030F88
:100B80007FEA226C7FEA236C6AD04FEA1262D2EBD2
:100B90001363C1BFD218414048404140B8BF5B42D7
:100BA000192B88BF704710F0004F40F4000020F070
:100BB0007F4018BF404211F0004F41F4000121F086
:100BC0007F4118BF494292EA030F3FD0A2F10102D0
:100BD00041FA03FC10EB0C00C3F1200301FA03F10E
:100BE00000F0004302D5494260EB4000B0F5000F31
:100BF00013D3B0F1807F06D340084FEA310102F1F0
:100C00000102FE2A51D2B1F1004F40EBC25008BFA1
:100C100020F0010040EA03007047490040EB00006B
:100C2000013A28BFB0F5000FEDD2B0FA80FCACF16C
:100C3000080CB2EB0C0200FA0CF0AABF00EBC25099
:100C400052421843BCBFD0401843704792F0000F87
:100C500081F4000106BF80F400000132013BB5E7DA
:100C60004FEA41037FEA226C18BF7FEA236C21D050
:100C700092EA030F04D092F0000F08BF08467047B5
:100C800090EA010F1CBF0020704712F07F4F04D183
:100C9000400028BF40F00040704712F100723CBF96
:100CA00000F50000704700F0004343F0FE4040F4C0
:100CB000000070477FEA226216BF08467FEA23637E
:100CC0000146420206BF5FEA412390EA010F40F469
:100CD000800070474FF0000304E000BF10F00043B5
:100CE00048BF40425FEA000C08BF704743F096439C
:100CF00001464FF000001CE050EA010208BF7047B7
:100D00004FF000030AE000BF50EA010208BF70473D
:100D100011F0004302D5404261EB41015FEA010C52
:100D200002BF84460146002043F0B64308BFA3F14A
:100D30008053A3F50003BCFA8CF2083AA3EBC2532C
:100D400010DB01FA02FC634400FA02FCC2F120024B
:100D5000BCF1004F20FA02F243EB020008BF20F082
:100D60000100704702F1200201FA02FCC2F12002E8
:100D700050EA4C0021FA02F243EB020008BF20EADD
:100D8000DC7070474FF0FF0C1CEAD0521EBF1CEA0B
:100D9000D15392EA0C0F93EA0C0F6FD01A4480EAF9
:100DA000010C400218BF5FEA41211ED04FF00063E2
:100DB00043EA501043EA5111A0FB01310CF000400E
:100DC000B1F5000F3EBF490041EAD3715B0040EA34
:100DD000010062F17F02FD2A1DD8B3F1004F40EB04
:100DE000C25008BF20F00100704790F0000F0CF0D7
:100DF000004C08BF49024CEA502040EA51207F3A9B
:100E0000C2BFD2F1FF0340EAC250704740F4000075
:100E10004FF00003013A5DDC12F1190FDCBF00F066
:100E200000407047C2F10002410021FA02F1C2F114
:100E3000200200FA02FC5FEA310040F1000053EAB0
:100E40004C0308BF20EADC70704792F0000F00F0FE
:100E5000004C02BF400010F4000F013AF9D040EA04
:100E60000C0093F0000F01F0004C02BF490011F498
:100E7000000F013BF9D041EA0C018FE70CEAD15396
:100E800092EA0C0F18BF93EA0C0F0AD030F0004C16
:100E900018BF31F0004CD8D180EA010000F00040CA
:100EA000704790F0000F17BF90F0004F084691F088
:100EB000000F91F0004F14D092EA0C0F01D14202C2
:100EC0000FD193EA0C0F03D14B0218BF084608D18B
:100ED00080EA010000F0004040F0FE4040F40000D5
:100EE000704740F0FE4040F4400070474FF0FF0C68
:100EF0001CEAD0521EBF1CEAD15392EA0C0F93EAAF
:100F00000C0F69D0A2EB030280EA010C49024FEA00
:100F1000402037D04FF0805343EA111143EA1013B9
:100F20000CF000408B4238BF5B0042F17D024FF471
:100F3000000C8B4224BF5B1A40EA0C00B3EB510F4C
:100F400024BFA3EB510340EA5C00B3EB910F24BF35
:100F5000A3EB910340EA9C00B3EBD10F24BFA3EBBA
:100F6000D10340EADC001B0118BF5FEA1C1CE0D182
:100F7000FD2A3FF650AF8B4240EBC25008BF20F035
:100F8000010070470CF0004C4CEA50207F32C2BF89
:100F9000D2F1FF0340EAC250704740F400004FF026
:100FA0000003013A37E792F0000F00F0004C02BF57
:100FB000400010F4000F013AF9D040EA0C0093F021
:100FC000000F01F0004C02BF490011F4000F013B7B
:100FD000F9D041EA0C0195E70CEAD15392EA0C0FE3
:100FE00008D142027FF47DAF93EA0C0F7FF470AF1B
:100FF000084676E793EA0C0F04D14B023FF44CAF5E
:1010000008466EE730F0004C18BF31F0004CCAD1F2
:1010100030F000427FF45CAF31F000437FF43CAF2E
:101020005FE700BF4FF0FF3C06E000BF4FF0010C50
:1010300002E000BF4FF0010C4DF804CD4FEA400232
:101040004FEA41037FEA226C18BF7FEA236C11D07C
:1010500001B052EA530C18BF90EA010F58BFB2EB2F
:10106000030088BFC81738BF6FEAE17018BF40F0AF
:10107000010070477FEA226C02D15FEA402C05D163
:101080007FEA236CE4D15FEA412CE1D05DF8040BE8
:10109000704700BF844608466146FFE70FB5FFF77B
:1010A000C9FF002848BF10F1000F0FBD4DF808ED33
:1010B000FFF7F4FF0CBF012000205DF808FB00BF24
:1010C0004DF808EDFFF7EAFF34BF012000205DF87E
:1010D00008FB00BF4DF808EDFFF7E0FF94BF0120CB
:1010E00000205DF808FB00BF4DF808EDFFF7D2FFC8
:1010F00094BF012000205DF808FB00BF4DF808ED0B
:10110000FFF7C8FF34BF012000205DF808FB00BFD7
:101110004FEA4002B2F1FE4F0FD34FF09E03B3EB04
:1011200012620DD94FEA002343F0004310F0004F44
:1011300023FA02F018BF404270474FF0000070479A
:1011400012F1610F01D1420205D110F0004008BF39
:101150006FF0004070474FF00000704742000ED221
:10116000B2F1FE4F0BD34FF09E03B3EB126209D4E2
:101170004FEA002343F0004323FA02F070474FF098
:101180000000704712F1610F01D1420202D14FF00D
:10119000FF3070474FF00000704700BF38B50022A5
:1011A000002304460D46FFF709FC28B920462946CE
:1011B000BDE8384000F00AB8204605F1004100F0D3
:1011C00005F8404261EB410138BD00BFD0B50022B7
:1011D0000B4B06460F46FFF77FF9FFF755FC044619
:1011E000FFF700F90022074BFFF776F902460B469E
:1011F00030463946FEF7B8FFFFF746FC2146D0BD22
:101200000000F03D0000F04180B588B000AF07F16C
:10121000100300221A605A609A60DA60394B9B69A9
:10122000384A43F010039361364B9B6903F0100377
:10123000FB60FB68334B9B69324A43F020039361A8
:10124000304B9B6903F02003BB60BB682D4B9B694F
:101250002C4A43F0040393612A4B9B6903F0040377
:101260007B607B68274B9B69264A43F008039361A8
:10127000244B9B6903F008033B603B6800224FF45A
:101280000051214803F076FF002241F630011F484B
:1012900003F070FF00224FF440711D4803F06AFF15
:1012A0004FF400533B6101237B610023BB610323A7
:1012B000FB6107F110031946134803F0D7FD41F60F
:1012C00030033B6101237B610023BB610123FB6190
:1012D00007F1100319460D4803F0C8FD4FF44073A1
:1012E0003B6111237B610023BB610123FB6107F19B
:1012F00010031946064803F0B9FD00BF2037BD466C
:1013000080BD00BF001002400010014000080140F5
:10131000000C014080B500AF124B134A1A60114B0C
:10132000124A5A600F4B00229A600E4B0022DA607C
:101330000C4B4FF480421A610A4B00225A61094B50
:1013400000229A61074B0022DA61064B00221A62E2
:10135000044803F027FF0346002B01D000F012FBE6
:1013600000BF80BD1C02002000580040801A06000B
:1013700080B588B000AF786007F1100300221A60D2
:101380005A609A60DA607B681B68164A934224D1DF
:10139000154B9B69144A43F008039361124B9B69F8
:1013A00003F00803FB60FB684FF440633B611223CA
:1013B0007B610323FB6107F1100319460B4803F01F
:1013C00055FD094BDB69084A43F48003D361064BA2
:1013D000DB6903F48003BB60BB6800BF2037BD46F8
:1013E00080BD00BF0058004000100240000C0140CA
:1013F00080B582B000AF7860391D4FF6FF730122CF
:10140000034806F017FC7B6818460837BD4680BDC8
:101410000804002080B586B000AF78603960796834
:10142000386808F023FE78617968786908F0C2FDB1
:101430003861386907F018FA02460B46104619461B
:10144000FFF742FB0346FB60FB6818461837BD46B2
:1014500080BD80B586B000AFF860B9607A60796809
:10146000B868FFF785FB03467B617969F868FFF789
:1014700089FC034618461837BD4680BD90B587B035
:1014800000AFF860B9607A603B60F96AB86AFFF74C
:101490006FFB03467B617B681B6879691846FFF721
:1014A00069FB03461A467B681A607B681B6819460D
:1014B0003868FFF705FE0346002B02D07B683A68C8
:1014C0001A607B681A683B6883F00043194610462F
:1014D000FFF7F6FD0346002B04D03B6883F0004283
:1014E0007B681A607969F868FFF74CFC03461C4674
:1014F0007B681B68B9681846FFF744FC0346194629
:101500002046FFF737FB034618461C37BD4690BD03
:101510002DE9B04396B004AF03F062FA00F0DEF8B4
:10152000FFF772FEFFF7F6FE00F028FC00F06AFB02
:1015300000F0A4FD00F0BEFB00F074FC03F058F9CD
:10154000534A0121012003F067F800BF00F028FF93
:101550000346002BFAD100F033FE03F0ADF902F0A0
:10156000DEFF4C4A0121012003F056F84A4A0121CE
:10157000022003F051F8494A0121032003F04CF8FE
:1015800001224749474806F0E0FB474805F0D0FAFA
:1015900000F060FF0346454A13604549454800F0A6
:1015A0001FFE424B1A6804230721012003F0B0F804
:1015B000404B1A6804230721022003F0A9F83C4B92
:1015C0001B6883F0004204230721032003F0A0F8E6
:1015D000364B1B681846FEF727FF80468946354B79
:1015E0001B681846FEF720FF04460D46304B1B686B
:1015F00083F000431846FEF717FF02460B46CDE97D
:101600000223CDE9004542464B462B4808F052FCE8
:101610002A4B1B78012B37D13B462949184608F045
:10162000B2FD264B00221A703B4619462548FFF7AB
:10163000F1FE78643B4619462348FFF7EBFE386419
:101640002249786CFFF75AFD0346002B09D0204948
:10165000786CFFF735FD0346002B02D01D4A7B6CEA
:1016600013604FF04041386CFFF748FD0346002BF4
:101670000AD04FF08041386CFFF722FD0346002B63
:1016800002D0154A3B6C13600A2003F00BFA7FE787
:10169000C8C70008D0C70008D8C70008E0C70008BE
:1016A0009C02002008040020C003002070020020DB
:1016B0007802002074020020E8C700089B02002086
:1016C000A0020020FCC7000800C80008000020C1DC
:1016D000000020417C0200208002002080B590B0F4
:1016E00000AF07F1180328220021184608F047FC34
:1016F0003B1D00221A605A609A60DA601A61012369
:10170000BB614FF48033FB6100233B620123BB626A
:1017100002237B634FF48033BB634FF4E013FB631E
:1017200007F11803184604F0A3FD0346002B01D06F
:1017300000F028F90F237B600223BB600023FB60CD
:101740004FF480633B6100237B613B1D02211846FF
:1017500005F010F80346002B01D000F013F900BF8C
:101760004037BD4680BD000080B582B000AF7860D4
:101770007B68234A93423ED1224B1B78002B13D126
:10178000214B1B78282B31D1204B1B78002B2DD1DE
:101790001C4B01221A701E4B00221A70402200219D
:1017A0001C4808F0ECFB21E0164B1B78012B1DD1E7
:1017B000154B1B78292B0CD1124B00221A70144B9D
:1017C0001B781A46134B00219954104B01221A70B2
:1017D0000CE00F4B1B781A460B4B19780D4B9954A4
:1017E0000B4B1B780133DAB2094B1A700122064900
:1017F000034806F0AAFA00BF0837BD4680BD00BF07
:1018000008040020E00200209C0200209B0200202F
:10181000E1020020A002002090B585B002AF786000
:101820007B68464A934240F08480454B1B785A1CA3
:10183000D1B2434A1170012B22D9424B1B68424A54
:10184000126811461846FFF795F903461846FFF748
:101850005FFC03461CB23D4B1B683B4A12681146B5
:101860001846FFF785F903461846FFF751FC034673
:101870001BB21946204603F02DF8314B00221A7096
:10188000334B1B785A1CD1B2314A1170012B0DD940
:10189000304B1B68304A126819463048FFF7D9FDB3
:1018A0000346294A13602A4B00221A702C4B1B78DE
:1018B0005A1CD1B22A4A1170092B3AD9294B1C68FB
:1018C000294B1B68294A126811461846FFF750F940
:1018D00003464FF080411846FFF708FB034601938B
:1018E0000094234B234A24492448FFF7C7FD0346AD
:1018F000144A13601B4B1C681B4B1B681B4A126865
:1019000011461846FFF734F903464FF08041184658
:10191000FFF7ECFA034601930094154B184A164959
:101920001648FFF7ABFD0346084A13600C4B002234
:101930001A7000BF0C37BD4690BD00BFC003002029
:1019400098020020840200208C02002088020020DF
:101950009A02002080020020700200200080BBC498
:10196000990200207C0200207402002078020020EE
:1019700000401C46900200200000484300007A44CA
:101980009402002080B400AF72B600BF00BFFDE734
:1019900080B485B000AF154B9B69144A43F0010336
:1019A0009361124B9B6903F00103BB60BB680F4B53
:1019B000DB690E4A43F08053D3610C4BDB6903F0C3
:1019C00080537B607B680A4B5B68FB60FB6823F09D
:1019D000E063FB60FB6843F00073FB60044AFB6854
:1019E000536000BF1437BD4680BC704700100240F2
:1019F0000000014080B400AF00BFFDE780B400AF3D
:101A000000BFFDE780B400AF00BFFDE780B400AFCA
:101A100000BFFDE780B400AF00BFFDE780B400AFBA
:101A200000BFBD4680BC704780B400AF00BFBD465C
:101A300080BC704780B400AF00BFBD4680BC70471B
:101A400080B500AF03F012F800BF80BD80B500AFD5
:101A5000024805F0E1FA00BF80BD00BFC0030020CE
:101A600080B500AF024806F095F900BF80BD00BF09
:101A70000804002080B400AF01231846BD4680BC96
:101A8000704780B582B000AF7860396008F04EFBD7
:101A9000034616221A604FF0FF3318460837BD463A
:101AA00080BD80B582B000AF78604FF0FF317868BC
:101AB000FFF7E7FF00BFFDE780B586B000AFF86035
:101AC000B9607A6000237B610AE0AFF300800146D1
:101AD000BB685A1CBA60CAB21A707B6901337B6159
:101AE0007A697B689A42F0DB7B6818461837BD46F6
:101AF00080BD80B586B000AFF860B9607A60002321
:101B00007B6109E0BB685A1CBA601B781846FFF776
:101B10006FFC7B6901337B617A697B689A42F1DBF8
:101B20007B6818461837BD4680BD80B483B000AFCF
:101B300078604FF0FF3318460C37BD4680BC7047C5
:101B400080B483B000AF786039603B684FF40052D6
:101B50005A60002318460C37BD4680BC704780B4DD
:101B600083B000AF7860012318460C37BD4680BCB7
:101B7000704780B485B000AFF860B9607A60002328
:101B800018461437BD4680BC7047000080B586B04B
:101B900000AF7860144A154BD31A7B617B693B61B7
:101BA000134B1B68002B02D1114B124A1A60104BC9
:101BB0001A687B6813443A699A4207D208F0B6FA69
:101BC00003460C221A604FF0FF3309E0084B1B68F4
:101BD000FB60074B1A687B681344054A1360FB6877
:101BE00018461837BD4680BD005000200004000094
:101BF000E4020020B805002080B400AF00BFBD465D
:101C000080BC704780B58CB000AF07F10C03242274
:101C10000021184608F0B3F93B1D00221A605A60F3
:101C2000224B234A1A60214B00225A601F4B00228C
:101C30009A601E4B4FF6FF72DA601C4B00221A614D
:101C40001A4B00225A61194B00229A610323FB6050
:101C500000233B6101237B610023BB610023FB6107
:101C600000233B6201237B620023BB620023FB62F3
:101C700007F10C0319460D4805F09EF80346002BAA
:101C800001D0FFF77FFE00237B600023BB603B1D7C
:101C90001946064805F00EFF0346002B01D0FFF75A
:101CA00071FE00BF3037BD4680BD00BFE802002096
:101CB000002C014080B58AB000AF07F1200300225C
:101CC0001A605A603B1D00221A605A609A60DA60FE
:101CD0001A615A619A61284B4FF080421A60264B74
:101CE00000225A60244B00229A60234B41F61F4287
:101CF000DA60214B00221A611F4B00229A611E48B4
:101D000004F068FF0346002B01D0FFF73BFE0023E1
:101D10003B6200237B6207F120031946164805F059
:101D2000C9FE0346002B01D0FFF72CFE60237B6029
:101D30000023BB600023FB6000237B613B1D00226E
:101D400019460D4805F058FA0346002B01D0FFF75D
:101D500019FE3B1D04221946074805F04DFA0346BB
:101D6000002B01D0FFF70EFE034800F057F900BF2B
:101D70002837BD4680BD00BF3003002080B58CB041
:101D800000AF07F10C0324220021184608F0F7F8F1
:101D90003B1D00221A605A60204B214A1A601F4BDB
:101DA00000225A601D4B00229A601C4B4FF6FF72B6
:101DB000DA601A4B00221A61184B00229A61032341
:101DC000FB6000233B6101237B610023BB61002397
:101DD000FB6100233B6201237B620023BB62002383
:101DE000FB6207F10C0319460C4804F0E5FF0346BB
:101DF000002B01D0FFF7C6FD00237B600023BB60F2
:101E00003B1D1946054805F055FE0346002B01D041
:101E1000FFF7B8FD00BF3037BD4680BD7803002016
:101E20000004004080B586B000AF07F1080300222F
:101E30001A605A609A60DA603B4600221A605A6063
:101E40001D4B1E4A1A601C4B40F2CF225A601A4B9F
:101E500000229A60184B6322DA60174B00221A6145
:101E6000154B00229A61144804F012FE0346002B21
:101E700001D0FFF787FD4FF48053BB6007F10803E3
:101E800019460D4805F07AFA0346002B01D0FFF7FA
:101E900079FD00233B6000237B603B4619460648E2
:101EA00005F008FE0346002B01D0FFF76BFD00BFD5
:101EB0001837BD4680BD00BFC003002000080040A9
:101EC00080B58AB000AF786007F1180300221A606D
:101ED0005A609A60DA607B681B682B4A934225D16E
:101EE0002A4B9B69294A43F400639361274B9B6902
:101EF00003F400637B617B69244B9B69234A43F0B5
:101F000004039361214B9B6903F004033B613B692C
:101F10004FF44073BB610023FB6100233B6207F178
:101F2000180319461A4802F0A1FF28E07B681B68D5
:101F3000184A934223D1154BDB69144A43F002033C
:101F4000D361124BDB6903F00203FB60FB680F4BAC
:101F50009B690E4A43F0040393610C4B9B6903F0A9
:101F60000403BB60BB68C023BB610023FB6100238B
:101F70003B6207F118031946054802F077FF00BFDE
:101F80002837BD4680BD00BF002C01400010024034
:101F9000000801400004004080B485B000AF7860C4
:101FA0007B681B68B3F1804F0BD1084BDB69074A94
:101FB00043F00103D361054BDB6903F00103FB60D0
:101FC000FB6800BF1437BD4680BC7047001002405C
:101FD00080B584B000AF78607B681B680D4A93427F
:101FE00013D10D4BDB690C4A43F00403D3610A4B58
:101FF000DB6903F00403FB60FB68002200211E2064
:1020000002F04BFE1E2002F064FE00BF1037BD46FA
:1020100080BD00BF000800400010024080B588B0BD
:1020200000AF786007F1100300221A605A609A60CE
:10203000DA607B681B68B3F1804F17D10D4B9B6949
:102040000C4A43F0040393610A4B9B6903F00403B9
:10205000FB60FB6803233B6102237B610223FB617E
:1020600007F110031946044802F000FF00BF2037B3
:10207000BD4680BD001002400008014080B500AFA1
:10208000114B124A1A60104B4FF4E1325A600E4B5A
:1020900000229A600C4B0022DA600B4B00221A617E
:1020A000094B0C225A61084B00229A61064B002210
:1020B000DA61054805F06EFD0346002B01D0FFF7FD
:1020C00061FC00BF80BD00BF080400200044004048
:1020D00080B588B000AF786007F1100300221A6065
:1020E0005A609A60DA607B681B681F4A934237D156
:1020F0001E4BDB691D4A43F40033D3611B4BDB6984
:1021000003F40033FB60FB68184B9B69174A43F0EC
:1021100004039361154B9B6903F00403BB60BB6828
:1021200004233B6102237B610323FB6107F110035E
:1021300019460F4802F09AFE08233B6100237B6199
:102140000023BB6107F110031946094802F08EFE17
:1021500000220021262002F0A0FD262002F0B9FD79
:1021600000BF2037BD4680BD004400400010024043
:1021700000080140FFF740FD0B480C490C4A0023C2
:1021800002E0D458C4500433C4188C42F9D3094A2D
:10219000094C002301E013600432A242FBD307F094
:1021A000CBFFFFF7B5F970470000002000020020C8
:1021B00054DF000800020020B8050020FEE7000000
:1021C00080B500AF3C21044804F098FE3C21034850
:1021D00004F094FE00BF80BD78030020E8020020D8
:1021E00080B586B000AF786039607B68002B5FD027
:1021F0003B68002B5CD002F04BFC78612F4B1B68D6
:102200005B6A7B822E4B1B685B6A3B822B4B1B6895
:1022100000225A622A4B1B6800225A62294B1B6813
:10222000002B03D1274A7B69136044E0254B1B68D0
:102230007A69D31A1846FEF74DFD0346224918461F
:10224000FEF754FE0346FB604FF00001F868FEF70E
:1022500041FF0346002B2DD11A4A7B6913601B4BAB
:10226000BB60B7F912301846FEF738FD0346B9686F
:102270001846FEF787FD0346F9681846FEF736FE56
:1022800003461A467B681A60B7F910301846FEF705
:1022900025FD0346B9681846FEF774FD0346F96844
:1022A0001846FEF723FE03461A463B681A6002E012
:1022B00000BF00E000BF1837BD4680BD7803002096
:1022C000E80200205004002000007A44AAD3853A96
:1022D00080B485B000AF78607B6893F90030002B44
:1022E00002DD0023FB812DE07B6893F90030002B99
:1022F00002DA0423FB8125E07B68013393F9003087
:10230000002B02DD0123FB811CE07B68013393F984
:102310000030002B02DA0523FB8113E07B680233D7
:1023200093F90030002B02DD0223FB810AE07B6879
:10233000023393F90030002B02DA0623FB8101E01F
:102340000723FB81FB8918461437BD4680BC7047C4
:1023500080B584B000AF78607868FFF7B9FF0346B6
:10236000FB817B6803331846FFF7B2FF0346DB00AF
:102370001AB2B7F90E3013431BB2FB817B680633E8
:102380001846FFF7A5FF03469B011AB2B7F90E30B6
:1023900013431BB2FB81FB8918461037BD4680BD35
:1023A00080B582B000AF00237B6000F061F97860F7
:1023B0007B68002B01D07B6845E000237B607820A0
:1023C00000F074FD02467B6813447B60782000F0C7
:1023D0001BFD02467B6813447B60642000F0AEFC6A
:1023E00002467B6813447B604FF4FA6000F062FBA6
:1023F00002467B6813447B6001F0ECF802467B6880
:1024000013447B601248FFF7A3FF0346184601F010
:10241000F1F802467B6813447B60902001F054FC85
:1024200002467B6813447B60642001F0CFF90246CA
:102430007B6813447B60012001F068F802467B68EA
:1024400013447B607B6818460837BD4680BD00BFDB
:1024500068C8000890B58FB002AF00237B6207F117
:102460001C0300221A609A8007F1140300221A60EC
:102470009A8000237B8200237B743B4600221A60F3
:102480005A609A60DA6007F124043A4607F11401B1
:1024900007F11C0007F11103019307F112030093E8
:1024A000234601F0FBFDF862FB6A002B02D0104BC3
:1024B0001B6818E07B7C002BE5D1B7F9203018466B
:1024C000FEF70CFC03460B491846FEF70FFD0346CA
:1024D000BB620949B86AFEF755FC03461A46044B2D
:1024E0001A60034B1B6818463437BD4690BD00BFC9
:1024F000540400203333834135FA8E3C80B588B0D4
:1025000004AF3B600346FB710B46BB7113467B7106
:10251000FB799BB25B00FB81BB799AB27B799BB262
:10252000F9894FF0FF30029001933B68009301233B
:10253000064802F07BFF0346002B02D04FF0FF332A
:1025400000E0002318461037BD4680BD1C02002065
:1025500080B588B004AF3B600346FB710B46BB718E
:1025600013467B71FB799BB25B00FB81BB799AB20E
:102570007B799BB2F9894FF0FF30029001933B6861
:1025800000930123064803F04BF80346002B02D0CA
:102590004FF0FF3300E0002318461037BD4680BDE2
:1025A0001C02002080B582B000AF7860786802F02D
:1025B00079FA00BF0837BD4680BD000080B584B001
:1025C00000AF0346FB71294B93F82430002B1CD03D
:1025D000FB79002B02D00223FB7301E00023FB7385
:1025E000224B5B681878214B1B68597C07F10F035D
:1025F0000122FFF783FF0346002B02D04FF0FF3389
:1026000030E0FA7B194B5A742BE0184B9B7A002B65
:1026100002D14FF0FF3325E0FB79002B05D0134B9F
:102620005B7C002B01D000231CE0FB79002B02D047
:102630000123FB7301E00023FB730C4B5B681878EC
:102640000A4B1B68597C07F10F030122FFF756FF65
:102650000346002B02D04FF0FF3303E0FA7B034B1D
:102660005A74002318461037BD4680BD0400002070
:1026700080B582B000AF80233B704F4B5B68187809
:102680004D4B1B68597D3B460122FFF737FF034640
:10269000002B02D04FF0FF3389E06420FFF782FF68
:1026A00000233B70444B5B681878434B1B68597D93
:1026B0003B460122FFF722FF0346002B02D04FF0DA
:1026C000FF3374E03C4B0022DA743B4BFF229A72DA
:1026D000394BFF221A72384BFF225A72364BFF22B7
:1026E000DA72354B4FF6FF72DA81334BFF221A74E0
:1026F000314BFF229A74304B01221A732E4B012268
:1027000083F822202C4B002283F823202A4B00221E
:102710005A75294B00221A750C220021274807F010
:102720002EFC254B002283F82420234B002283F823
:102730002520214B0022DA844FF4FA6000F0BAF928
:102740000346002B02D04FF0FF3330E0022000F0B0
:102750003FFA0346002B02D04FF0FF3327E02A2038
:1027600000F09EFA0346002B02D04FF0FF331EE02C
:10277000322000F0E3FA0346002B02D04FF0FF3383
:1027800015E0002000F040FB0346002B02D04FF084
:10279000FF330CE0002000F08DFC0346002B02D03C
:1027A0004FF0FF3303E0002000F080FB00231846C9
:1027B0000837BD4680BD00BF040000201A0000207D
:1027C00080B584B000AF0346FB80FB88002B1CD192
:1027D000002000F035FD00233B7307237B73324B51
:1027E0005B681878304B1B68597D07F10C03022297
:1027F000FFF784FE0346002B02D04FF0FF334FE07B
:10280000294B00221A7500234AE0012000F018FD30
:1028100020233B73FB88012B05D100237B7305200C
:1028200000F03EFA16E0FB88052B05D801237B73E8
:10283000052000F035FA0DE0FB88142B05D80223A3
:102840007B730A2000F02CFA04E003237B7314202E
:1028500000F026FA7B7B9B015BB243F007035BB27F
:10286000DBB27B73104B5B6818780F4B1B68597D8C
:1028700007F10C030222FFF741FE0346002B02D0B2
:102880004FF0FF330CE0084B08229A72064B0022EF
:102890001A73054B01221A75002000F0B5FA0023C7
:1028A00018461037BD4680BD0400002080B582B0B8
:1028B00000AF7E4B9B7A002B02D14FF0FF33F1E04B
:1028C0000023FB71794B5B681878784B1B68597C47
:1028D000FB1D0122FFF712FE0346002B02D04FF032
:1028E000FF33DFE0714B5B681878704B1B685979D8
:1028F000FB1D0122FFF702FE0346002B02D04FF022
:10290000FF33CFE0694B5B681878684B1B68197917
:10291000FB1D0122FFF7F2FD0346002B02D04FF012
:10292000FF33BFE0614B93F82430002B5CD00C23C5
:10293000FB715E4B5B6818785C4B1B681979FB1D5B
:102940000122FFF7DBFD0346002B02D04FF0FF33DF
:10295000A8E03220FFF726FEC023FB71534B9B7A81
:1029600003F00103002B04D0FB7943F02003DBB21A
:10297000FB714E4B5B6818784C4B1B681979FB1D3B
:102980000122FFF7BBFD0346002B02D04FF0FF33BF
:1029900088E0464B5B7C002B02D00223FB7101E0F8
:1029A0000023FB71414B5B681878404B1B68597CD6
:1029B000FB1D0122FFF7A2FD0346002B02D04FF0C2
:1029C000FF336FE00023FB71384B5B681878374B9F
:1029D0001B685979FB1D0122FFF790FD0346002B70
:1029E0005FD04FF0FF335DE00423FB712F4B5B683A
:1029F00018782E4B1B681979FB1D0122FFF77EFD0D
:102A00000346002B02D04FF0FF334BE0274B9B7C5B
:102A1000002B05D1254B9B7A03F00103002B02D13B
:102A20004023FB7101E06023FB71204B5B68187849
:102A30001E4B1B681979FB1D0122FFF75FFD034642
:102A4000002B02D04FF0FF332CE03220FFF7AAFD1D
:102A5000164B5B7C002B02D00123FB7101E00023AD
:102A6000FB71124B5B681878104B1B68597CFB1D7F
:102A70000122FFF743FD0346002B02D04FF0FF3346
:102A800010E00A4B5B681878084B1B685979084BB3
:102A90000122FFF733FD0346002B02D04FF0FF3336
:102AA00000E0002318460837BD4680BD0400002022
:102AB0001400002080B584B000AF0346FB80264B95
:102AC0009B7A002B02D14FF0FF3341E0FB88B3F536
:102AD000FA6F17D0B3F5FA6F17DCB3F57A7F0ED023
:102AE000B3F57A7F11DCFA2B03D0B3F5FA7F03D06C
:102AF0000BE00023FB730BE00823FB7308E01023BB
:102B0000FB7305E01823FB7302E04FF0FF331FE077
:102B1000114B1A7AFB7BDB08DBB29A4201D100230E
:102B200016E00D4B5B6818780B4B1B68997907F121
:102B30000F030122FFF7E2FC0346002B02D04FF007
:102B4000FF3305E0FB7BDB08DAB2034B1A7200238C
:102B500018461037BD4680BD0400002080B483B005
:102B600000AF7860194B5B7A032B1BD801A252F897
:102B700023F000BF852B00088D2B0008952B000843
:102B80009D2B00087B6802221A700EE07B680422ED
:102B90001A700AE07B6808221A7006E07B6810222F
:102BA0001A7002E04FF0FF330AE0084BDB7C002B89
:102BB00005D07B681B785B00DAB27B681A70002353
:102BC00018460C37BD4680BC704700BF040000208B
:102BD00080B584B000AF0346FB71304B9B7A002B6D
:102BE00002D14FF0FF3354E0FB79023B0E2B2DD87E
:102BF00001A252F823F000BF352C00084D2C00082C
:102C00003B2C00084D2C00084D2C00084D2C0008D2
:102C1000412C00084D2C00084D2C00084D2C0008BC
:102C20004D2C00084D2C00084D2C00084D2C0008A0
:102C3000472C00080023FB730BE00823FB7308E01C
:102C40001023FB7305E01823FB7302E04FF0FF3302
:102C50001FE0124B5A7AFB7BDB08DBB29A4201D1B0
:102C6000002316E00D4B5B6818780C4B1B68D97974
:102C700007F10F030122FFF741FC0346002B02D0AE
:102C80004FF0FF3305E0FB7BDB08DAB2034B5A72EF
:102C9000002318461037BD4680BD00BF0400002049
:102CA00080B584B000AF0346FB80234B9B7A002B9A
:102CB00002D14FF0FF333BE0FB88BB2B02D901234D
:102CC000FB7319E0FB88612B02D90223FB7313E02D
:102CD000FB88292B02D90323FB730DE0FB88132B00
:102CE00002D90423FB7307E0FB88092B02D90523D3
:102CF000FB7301E00623FB730F4BDA7AFB7B9A42EE
:102D000001D1002314E00C4B5B6818780A4B1B6858
:102D1000997807F10F030122FFF7F0FB0346002B20
:102D200002D04FF0FF3303E0FA7B034BDA7200234B
:102D300018461037BD4680BD0400002080B584B021
:102D400000AF0346FB802F4B9B7A002B02D14FF044
:102D5000FF3352E02B4B93F82430002B02D04FF07E
:102D6000FF334AE0274B1B7D002B0ED0FB88002B46
:102D700008D0FB88282B05D8FB881846FFF720FDD4
:102D800000233AE00020FFF71BFDFB88032B02D84D
:102D90000423FB8006E0FB88B3F57A7F02D94FF469
:102DA0007A73FB80FB884FF47A7292FBF3F3DBB209
:102DB000013BDBB2FB73134B5B681878114B1B684C
:102DC000597807F10F030122FFF798FB0346002B08
:102DD00002D04FF0FF3310E0FB7B01334FF47A72E7
:102DE00092FBF3F39AB2074BDA81064BDB895B085F
:102DF0009BB21846FFF754FF002318461037BD4614
:102E000080BD00BF0400002080B584B000AF034641
:102E1000FB710023FB60FB7923F00103FB71224B64
:102E200093F82430002B01D0002338E01E4B9B7A0E
:102E3000002B02D14FF0FF3331E01B4B1B7CFB72A8
:102E4000194B9A7AFB791340DAB2174B1A74164B66
:102E50001B7CFA799A4203D04FF0FF33FB6001E00C
:102E60000023FB60FB79002B03D10F4B1B7D002B54
:102E700003D00120FFF7A2FB02E00020FFF79EFB3A
:102E8000FB79002B0AD0FFF711FD0346002B05D07C
:102E9000054AFB7A13744FF0FF3300E0FB681846D5
:102EA0001037BD4680BD00BF0400002080B584B04F
:102EB00000AF0346FB71FB7903F07003002B02D0D7
:102EC0000123FB7307E0FB79002B02D00023FB7387
:102ED00001E04023FB73374B5B681878354B1B6868
:102EE000597D07F10F030122FFF708FB0346002B72
:102EF00005D0304B00229A724FF0FF3356E0FB7B37
:102F000023F04003DAB22B4B1A730023FB73FB79D7
:102F100003F04003002B04D1FB7B43F00403DBB23E
:102F2000FB73FB7903F02003002B04D1FB7B43F000
:102F30000203DBB2FB73FB7903F01003002B04D117
:102F4000FB7B43F00103DBB2FB73FB7903F0080367
:102F5000002B04D1FB7B43F03803DBB2FB73154B32
:102F60005B681878134B1B68997D07F10F030122EA
:102F7000FFF7C4FA0346002B05D00E4B00229A72CD
:102F80004FF0FF3312E0FB79002B05D0FB79082BC3
:102F900002D0002000F054F9064AFB799372054BE9
:102FA00000221A753220FFF7FDFA00231846103769
:102FB000BD4680BD0400002080B586B000AF03464A
:102FC000B9607A60FB813A4B93F82430002B02D130
:102FD0004FF0FF3368E0364B9B7A002B02D14FF065
:102FE000FF3361E0324B5B681878314B1B68197B0B
:102FF00007F114030222FFF7ABFA0346002B02D0BD
:103000004FF0FF3350E03B7D1B021AB27B7D1BB2B9
:1030100013431BB2FB82FA8AFB899A4205D27B6872
:1030200000221A704FF0FF333EE0214B5B685B8853
:103030005B089BB2FA8A9A421AD91D4B5B681878D2
:103040001B4B1B68D97C07F114030122FFF780FAA0
:103050000346002B02D04FF0FF3325E03B7D03F009
:103060001003002B04D0FFF721FC6FF001031BE0DD
:103070000F4B5B6818780E4B1B68597BFB89DAB2E3
:10308000BB68FFF765FA0346002B02D04FF0FF3311
:103090000AE0FA8AFB89B2FBF3F39BB2DBB2013B95
:1030A000DAB27B681A70002318461837BD4680BD17
:1030B0000400002080B584B000AF0346FB715F4B75
:1030C0009B7CFA799A4201D10023B2E0FB79002B74
:1030D00050D05A4B5B681878584B1B68197907F128
:1030E0000F030122FFF734FA0346002B02D04FF002
:1030F000FF339EE0FB7B23F02003DBB2FB734F4BDF
:103100005B6818784D4B1B68197907F10F03012292
:10311000FFF7F4F90346002B02D04FF0FF3388E0AD
:103120000320FFF73FFA0223FB73444B93F822304E
:10313000002B04D0FB7B63F07F03DBB2FB733F4BC0
:1031400093F82330002B04D0FB7B43F03003DBB239
:10315000FB733A4B5B681878384B1B68D97D07F1D5
:103160000F030122FFF7CAF90346002B5DD04FF091
:10317000FF335EE0314B5B681878304B1B68197980
:1031800007F10F030122FFF7E3F90346002B02D0FA
:103190004FF0FF334DE0294B9B7A03F00103002BE6
:1031A00005D0FB7B43F02003DBB2FB7304E0FB7B29
:1031B00023F02003DBB2FB73204B5B6818781F4BB6
:1031C0001B68197907F10F030122FFF797F90346EE
:1031D000002B02D04FF0FF332BE00320FFF7E2F982
:1031E000164B93F82230002B02D08023FB7301E0B2
:1031F0000023FB73114B93F82330002B04D0FB7B8F
:1032000043F03003DBB2FB730C4B5B6818780B4B5D
:103210001B68D97D07F10F030122FFF76FF9034601
:10322000002B02D04FF0FF3303E0044AFB79937484
:10323000002318461037BD4680BD00BF04000020A3
:1032400080B584B000AF0346FB711E4B93F823306A
:10325000FA799A4201D1002330E0FB79002B02D0A9
:103260003023FB7301E00023FB73164B9B7C002B88
:1032700004D0FB7B43F00203DBB2FB73114B93F8EA
:103280002230002B04D0FB7B63F07F03DBB2FB73A7
:103290000C4B5B6818780B4B1B68D97D07F10F034B
:1032A0000122FFF72BF90346002B02D04FF0FF332A
:1032B00004E0044AFB7982F82330002318461037D3
:1032C000BD4680BD0400002080B584B000AF034639
:1032D0003A60FB800B46BB803B68002B02D14FF06D
:1032E000FF333DE0204B9B7A002B02D14FF0FF33A0
:1032F00036E0FB881B0A9BB2DBB23B73FB88DBB278
:103300007B737B7B1A46BB881344174A52685289E9
:10331000934202DD4FF0FF3322E0134B5B681878D5
:10332000114B1B68D97E07F10C030222FFF7E6F868
:103330000346002B02D04FF0FF3311E00A4B5B68CD
:103340001878094B1B68197EBB88DAB23B68FFF717
:10335000D5F80346002B02D04FF0FF3300E00023E6
:1033600018461037BD4680BD0400002080B584B0EB
:1033700000AF03463A60FB800B46BB803B68002BE6
:1033800002D14FF0FF333DE0204B9B7A002B02D15E
:103390004FF0FF3336E0FB881B0A9BB2DBB23B7376
:1033A000FB88DBB27B737B7B1A46BB881344174ACE
:1033B00052685289934202DD4FF0FF3322E0134BF3
:1033C0005B681878114B1B68D97E07F10C03022249
:1033D000FFF794F80346002B02D04FF0FF3311E0C3
:1033E0000A4B5B681878094B1B68197EBB88DAB2F8
:1033F0003B68FFF7ADF80346002B02D04FF0FF33D8
:1034000000E0002318461037BD4680BD04000020B0
:1034100080B58AB000AFB96011461A460346FB81F9
:103420000B46BB811346FB80374B93F82530002BAE
:1034300002D04FF0FF3362E0BB68002B02D14FF0A7
:10344000FF335CE00023FB8434E0FA89FB8CD31A61
:10345000102BA8BF1023BB84FB8CBA681A44B98C0C
:10346000FB8C1846FFF730FF0346002B02D04FF0CD
:10347000FF3344E007F11402B98CFB8C1846FFF7C8
:1034800075FF0346002B02D04FF0FF3337E0FB8C73
:10349000BA681344BA8C07F11401184606F05FFDB0
:1034A0000346002B02D06FF0010328E0FA8CBB8C9E
:1034B0001344FB84FA8CFB899A42C6D3BB891B0A4E
:1034C0009BB2DBB23B74BB89DBB27B740E4B5B6897
:1034D00018780D4B1B68597F07F110030222FFF784
:1034E0000DF80346002B02D04FF0FF3307E0064BE8
:1034F000012283F82520044AFB88D3840023184640
:103500002837BD4680BD00BF0400002080B584B0D0
:1035100000AF0346FB71264B93F82430FA799A42A8
:1035200001D1002340E0FB79002B27D0204B93F8FA
:103530002530002B02D14FF0FF3335E00020FFF79C
:103540003DF80020FFF7B6FD194BDB8C1846FFF75E
:10355000F5FB0023FB73164B5B68187807F10F032C
:1035600001222321FEF7CAFF114B012283F82420F8
:103570000120FFF723F8FFF799F914E00020FFF787
:103580001DF80B4B1B7CFB73094B5B68187807F12C
:103590000F0301222321FEF7B1FF054B002283F820
:1035A0002420FFF783F9002318461037BD4680BD5D
:1035B0000400002080B582B000AF78607B68002BEB
:1035C00004D001F065FA02467B681A6000BF083734
:1035D000BD4680BD80B500AF4FF48062C82304496A
:1035E00040F6F630FFF714FF0346184680BD00BFD3
:1035F000C8C8000880B588B000AF0346FB806E4A9B
:1036000007F114031268114619800233120C1A7064
:103610006A4A07F110031268114619800233120C2E
:103620001A70674A07F10C031268114619800233B9
:10363000120C1A70634A07F10803126811461980C8
:103640000233120C1A70FB8803F0030320333B444F
:1036500013F80C3C3B77FB88DB089BB203F00303B9
:1036600020333B4413F80C3C7B77FB889B099BB2CF
:1036700003F0030320333B4413F80C3CBB77FB8877
:1036800003F0030320333B4413F8103C3B76FB88E4
:10369000DB089BB203F0030320333B4413F8103CD8
:1036A0007B76FB889B099BB203F0030320333B44EA
:1036B00013F8103CBB7607F11C031A46032140F2B5
:1036C0002640FFF701FE0346002B02D04FF0FF33E8
:1036D0006EE007F118031A46032140F22A40FFF773
:1036E000F3FD0346002B02D04FF0FF3360E007F1FB
:1036F0001C0307F10C021268114619800233120CE8
:103700001A7007F1180307F10802126811461980B0
:103710000233120C1A70FB8803F00403002B09D04B
:103720003B7F43F00103DBB23B773B7E43F0010379
:10373000DBB23B76FB8803F02003002B09D07B7FB4
:1037400043F00103DBB27B777B7E43F00103DBB206
:103750007B76FB8803F48073002B09D0BB7F43F09A
:103760000103DBB2BB77BB7E43F00103DBB2BB7668
:1037700007F11C031A4603214FF48860FFF7A4FDEC
:103780000346002B02D04FF0FF3311E007F118037E
:103790001A46032140F23140FFF796FD0346002B05
:1037A00002D04FF0FF3303E0074AFB881381002368
:1037B00018462037BD4680BD04C8000808C8000868
:1037C0000CC8000810C800085804002080B588B054
:1037D00000AF0346FB801F4A07F1100307CA83E8C6
:1037E0000700FB88C82B02D94FF0FF332EE0FB887F
:1037F000C82292FBF3F39BB2013BFB83FB8B1B0ABA
:103800009BB2DBB23B72FB8BDBB27B7207F108032E
:103810001A46022140F21620FFF756FD0346002B00
:1038200002D04FF0FF3311E007F110031A460C21CC
:1038300040F6C120FFF748FD0346002B02D04FF0B1
:10384000FF3303E0044AFB889381002318462037A6
:10385000BD4680BD14C800085804002080B586B05D
:1038600000AF03460A46FB711346BB80FB7903F0A9
:103870000703002B03D0BB88B3F5C86F02D94FF004
:10388000FF3307E1BB881846FDF724FA0346834956
:103890001846FDF72BFB03463B6107F10B03184667
:1038A000FFF75CF9FB7A023B0E2B79D801A252F8A4
:1038B00023F000BFF1380008A13900081D390008C5
:1038C000A1390008A1390008A139000849390008C8
:1038D000A1390008A1390008A1390008A139000860
:1038E000A1390008A1390008A1390008753900087C
:1038F0004FF08D413869FDF745FA03461846FDF74C
:103900002DFC0346FB8266493869FDF73BFA034606
:103910001846FDF723FC0346BB8244E04FF08C4180
:103920003869FDF72FFA03461846FDF717FC0346E2
:10393000FB825C493869FDF725FA03461846FDF716
:103940000DFC0346BB822EE04FF08B413869FDF73A
:1039500019FA03461846FDF701FC0346FB8252495B
:103960003869FDF70FFA03461846FDF7F7FB0346E3
:10397000BB8218E04FF08A413869FDF703FA03462D
:103980001846FDF7EBFB0346FB8248493869FDF713
:10399000F9F903461846FDF7E1FB0346BB8202E056
:1039A0004FF0FF3376E0FB8A1B0A9BB2DBB23B731E
:1039B000FB8ADBB27B73BB8A1B0A9BB2DBB2BB7395
:1039C000BB8ADBB2FB73FB7903F00103002B1CD035
:1039D00007F10C031A4602214FF4EA70FFF774FC5A
:1039E0000346002B02D04FF0FF3353E007F10C03E6
:1039F00002331A4602214FF49270FFF765FC03462A
:103A0000002B02D04FF0FF3344E0FB7903F00203B8
:103A1000002B1CD007F10C031A4602214FF4EC7066
:103A2000FFF752FC0346002B02D04FF0FF3331E08A
:103A300007F10C0302331A4602214FF49470FFF78A
:103A400043FC0346002B02D04FF0FF3322E0FB790A
:103A500003F00403002B1CD007F10C031A460221CB
:103A60004FF4EE70FFF730FC0346002B02D04FF00E
:103A7000FF330FE007F10C0302331A4602214FF423
:103A80009670FFF721FC0346002B02D04FF0FF3366
:103A900000E0002318461837BD4680BD00004843AB
:103AA000000040460000C045000040450000C04402
:103AB00080B584B000AF0346FB710023FB73FB7934
:103AC00003F00103002B04D0FB7B43F03003DBB297
:103AD000FB73FB7903F00203002B04D0FB7B43F064
:103AE0000C03DBB2FB73FB7903F00403002B04D05F
:103AF000FB7B43F00303DBB2FB7307F10F031A46B2
:103B000001214FF4A470FFF7DFFB0346184610377E
:103B1000BD4680BD80B584B000AF0346FB71FB7924
:103B2000002B02D10123FB7104E0FB79042B01D9A6
:103B30000423FB71FB79013BDBB2FB7307F10F033D
:103B40001A46012140F24F10FFF7BEFB034618460C
:103B50001037BD4680BD000080B584B000AF03467D
:103B6000FB80FB880C4AA2FB03239B08FB81FB899B
:103B70001B0A9BB2DBB23B73FB89DBB27B7307F1A1
:103B80000C031A4602214FF4EF70FFF79DFB03462A
:103B900018461037BD4680BDCDCCCCCC80B584B0A6
:103BA00000AF0346FB80FB880C4AA2FB03239B0863
:103BB000FB81FB891B0A9BB2DBB23B73FB89DBB247
:103BC0007B7307F10C031A4602214FF4ED70FFF7E7
:103BD0007BFB034618461037BD4680BDCDCCCCCC10
:103BE00080B584B000AF78600B467B807B68134A59
:103BF00082FB03129211DB17D31A7A8802FB03F3BC
:103C0000FB60FB681B16DBB23B72FB681B14DBB26C
:103C10007B72FB681B12DBB2BB72FB68DBB2FB7210
:103C200007F108031A4604214FF4AE70FFF74CFB6E
:103C3000034618461037BD4680BD00BFD34D621005
:103C400080B584B000AF0346FB80FB880C4AA2FB22
:103C500003239B08FB80FB881B0A9BB2DBB23B73F0
:103C6000FB88DBB27B7307F10C031A4602214FF489
:103C7000AD70FFF729FB034618461037BD4680BDDF
:103C8000CDCCCCCC80B584B000AF0346FB80FB88A4
:103C90000C4AA2FB03239B08FB80FB881B0A9BB2F8
:103CA000DBB23B73FB88DBB27B7307F10C031A4674
:103CB00002214FF4AC70FFF707FB0346184610379C
:103CC000BD4680BDCDCCCCCC80B586B000AF034620
:103CD000FB8002233B73CA237B73E323BB7309235B
:103CE000FB7307F10C031A4604216820FFF7ECFA76
:103CF000A3233B73FB8803F04003002B06D0C023B3
:103D00007B73C823BB73C223FB7305E0A3237B73C0
:103D1000A323BB73A323FB73FB8803F4C073002BA3
:103D200006D0C4233B74CC237B74C623BB7405E04C
:103D3000A3233B74A3237B74A323BB74A323FB742F
:103D4000A3233B75A3237B7507F10C031A460A21B5
:103D500040F6A720FFF7B8FAFB8803F00303002B17
:103D600002D020233B7301E0D8233B7307F10C03FF
:103D70001A46012140F6B620FFF7A6FAFB8803F0A9
:103D80002003002B03D0012000F0C6F802E0002041
:103D900000F0C2F8FB8803F4C073002B1DD0FB8831
:103DA00003F48073002B08D0B2233B738B237B7307
:103DB000B623BB739B23FB7307E0B0233B738023C5
:103DC0007B73B423BB739023FB7307F10C031A4678
:103DD000042140F6A220FFF777FAFB8803F00103E5
:103DE000002B25D0F8233B7307F10C031A46012161
:103DF0004FF40B60FFF768FAFA210720FFF72EFD5A
:103E00000720FFF755FE0120FFF784FE6420FFF72F
:103E1000A3FE4FF4FA70FFF7C1FEC8213C48FFF73C
:103E2000DFFE2820FFF70CFF0A20FFF72BFF09E039
:103E3000D8233B7307F10C031A4601214FF40B60A2
:103E4000FFF742FAFB8803F00203002B02D0D923CC
:103E50003B7301E0D8233B7307F10C031A460121A1
:103E600040F23D70FFF730FAFB8803F00403002BAB
:103E700003D0012000F080F802E0002000F07CF880
:103E8000FB8803F01003002B03D0012000F09BF807
:103E900002E0002000F097F8FB8843F008039AB294
:103EA0001C4B5A81FEF702FD1A4B00229A73FB88C5
:103EB00003F04003002B05D0164B9B7B0633DAB290
:103EC000144B9A73FB8803F4C073002B05D0114B7D
:103ED0009B7B0633DAB20F4B9A73FB8803F0140313
:103EE000002B05D00B4B9B7B1033DAB2094B9A7336
:103EF000FB8803F00303002B05D0064B9B7B0433A8
:103F0000DAB2044B9A73002318461837BD4680BDB9
:103F100009E3CA025804002080B588B000AF034608
:103F2000FB71FB79002B0FD0114A07F1140307CA6C
:103F300003C31A7007F114031A4609214FF497605E
:103F4000FFF7C2F903460EE00A4A07F1080307CA61
:103F500003C31A7007F108031A4609214FF497604A
:103F6000FFF7B2F9034618462037BD4680BD00BFB3
:103F700020C800082CC8000880B584B000AF0346F4
:103F8000FB71FB79002B08D0C0233B73C2237B73EA
:103F9000C423BB73C623FB7306E007F10C030422A2
:103FA0008B21184605F0EBFF07F10C031A4604219C
:103FB00040F69820FFF788F9FEF778FC034618468C
:103FC0001037BD4680BD80B584B000AF0346FB719D
:103FD000FB79002B08D020233B7328237B733023ED
:103FE000BB733823FB7306E007F10C030422A32103
:103FF000184605F0C4FF07F10C031A46042140F6E9
:104000009E20FFF761F9FEF751FC03461846103772
:10401000BD4680BD80B584B000AF78607B68033357
:104020001B7823F03F03FB737B6803331B7803F09B
:104030003F03BB737B6801331B7803F00103002B44
:1040400012D0BB7BDB087B73BB7B03F00703DBB2C7
:1040500001333B73104B1B68002B05D00E4B1B68C4
:10406000397B7A7B104698477B6801331B7803F0D5
:104070000803002B0AD0084B5B68002B06D0064BC8
:104080005B68FA7B9209D2B2104698470023184623
:104090001037BD4680BD00BF5804002080B592B0E7
:1040A00000AFF860B9607A603B60002387F8473062
:1040B0003B6D00221A80AE4B9B7B184607F1200314
:1040C0007A6D1946FEF778FF0346002B02D04FF0B9
:1040D000FF3348E1A64B5B8903F01403002B00F08B
:1040E0008A8097F820301A0697F821301B041A436B
:1040F00097F822301B02134397F823201A437B685A
:104100001A6097F824301A0697F825301B041A43D2
:1041100097F826301B021A4397F8273019467B6818
:1041200004330A431A6097F828301A0697F82930A2
:104130001B041A4397F82A301B021A4397F82B30B6
:1041400019467B6808330A431A6097F82C301A0620
:1041500097F82D301B041A4397F82E301B021A4390
:1041600097F82F3019467B680C330A431A6097F88A
:104170004730103387F847307B681B681B143B615E
:104180007B6804331B681B147B617B6808331B68E6
:104190001B14BB617B680C331B681B14FB613B6900
:1041A0003A6903FB02F27B69796901FB03F31A4464
:1041B000BB69B96901FB03F31A44FB69F96901FBA7
:1041C00003F313443B643B6CB3F1706F03DB3B6C54
:1041D000B3F1885F07DDFEF769FB3B6D00221A80B3
:1041E0004FF0FF33BFE03B6DB3F9003043F4807311
:1041F0001AB23B6D1A805E4B5B8903F04003002BC3
:104200004CD097F8473048333B4413F8283C1B0206
:104210001AB297F84730013348333B4413F8283C2F
:104220001BB213431AB2BB681A8097F847300233A7
:1042300048333B4413F8283C1B0219B297F8473027
:10424000033348333B4413F8283C1AB2BB680233AB
:104250000A4312B21A8097F84730043348333B447C
:1042600013F8283C1B0219B297F84730053348333E
:104270003B4413F8283C1AB2BB6804330A4312B219
:104280001A8097F84730063387F847303B6DB3F90B
:10429000003043F008031AB23B6D1A80344B5B893F
:1042A00003F4C073002B4CD097F8473048333B449D
:1042B00013F8283C1B021AB297F8473001334833F1
:1042C0003B4413F8283C1BB213431AB2FB681A8014
:1042D00097F84730023348333B4413F8283C1B021D
:1042E00019B297F84730033348333B4413F8283C5E
:1042F0001AB2FB6802330A4312B21A8097F84730A9
:10430000043348333B4413F8283C1B0219B297F896
:104310004730053348333B4413F8283C1AB2FB6856
:1043200004330A4312B21A8097F84730063387F8ED
:1043300047303B6DB3F9003043F070031AB23B6D68
:104340001A800B4B5B8903F00303002B07D097F80F
:10435000473007F1200213441846FFF75BFE386828
:10436000FFF728F9002318464837BD4680BD00BF37
:104370005804002080B500AF01224FF48071054839
:1043800000F0F8FE01224FF40071024800F0F2FE46
:1043900000BF80BD000C014080B500AF01224FF48A
:1043A00000710B4800F0E6FE01224FF480710848CE
:1043B00000F0E0FE00224FF40071054800F0DAFE44
:1043C00000224FF48071024800F0D4FE00BF80BD8F
:1043D000000C014080B500AF00224FF40071084886
:1043E00000F0C8FE01224FF48071054800F0C2FEC3
:1043F00001224FF40071024800F0BCFE00BF80BDF6
:10440000000C014080B584B000AF0346FB7100236F
:10441000FB731EE0FB7B802242FA03F35AB297F94A
:10442000073013405BB2DBB21A464FF400711248FA
:1044300000F0A0FE01224FF480710F4800F09AFEB8
:1044400000224FF480710C4800F094FEFB7B013396
:10445000FB73FB7B072BDDD901224FF480710648EB
:1044600000F088FE00224FF48071034800F082FEC5
:1044700000BF1037BD4680BD000C014080B582B042
:1044800000AF0346FB71FFF787FF7820FFF7BAFF05
:104490000020FFF7B7FFFB791846FFF7B3FFFFF7E0
:1044A00099FF00BF0837BD4680BD80B582B000AF20
:1044B0000346FB71FFF770FF7820FFF7A3FF402052
:1044C000FFF7A0FFFB791846FFF79CFFFFF782FF7D
:1044D00000BF0837BD4680BD80B582B000AF03463F
:1044E0000A46FB711346BB71FB7963F04F03DBB2E5
:1044F0001846FFF7C3FFBB791B09DBB243F010037B
:10450000DBB21846FFF7BAFFBB7903F00F03DBB24B
:104510001846FFF7B3FF00BF0837BD4680BD80B522
:1045200082B000AF0023BB7114E0BB7900211846B4
:10453000FFF7D2FF0023FB7105E00020FFF7B5FF76
:10454000FB790133FB7197F90730002BF5DABB7962
:104550000133BB71BB79072BE7D900BF00BF083718
:10456000BD4680BD80B584B000AF0346FB710B46ED
:10457000BB7113467B71FB79013BDBB25B00DAB2A6
:10458000BB79013BDBB2DB00DBB219461046FFF71B
:10459000A3FF0023FB730EE07B79A3F12002FB7BDA
:1045A0001C4912010A4413441B781846FFF77DFF8B
:1045B000FB7B0133FB73FB7B072BEDD9FB79013BC5
:1045C000DBB25B00DBB20133DAB2BB79013BDBB2B9
:1045D000DB00DBB219461046FFF77EFF0023FB73BA
:1045E0000FE07B79A3F12002FB7B0833094912011C
:1045F0000A4413441B781846FFF757FFFB7B01332F
:10460000FB73FB7B072BECD900BF00BF1037BD4607
:1046100080BD00BFC0D4000880B584B000AF0346A1
:104620003A60FB710B46BB710023FB730EE0BA7955
:10463000FB7B1344D9B2FB7B3A6813441A78FB79AD
:104640001846FFF78FFFFB7B0133FB73FB7B3A6858
:1046500013441B78002BEAD100BF00BF1037BD46C2
:1046600080BD80B485B000AF786039600123FB6005
:1046700004E0FB687A6802FB03F3FB603B685A1EA8
:104680003A60002BF5D1FB6818461437BD4680BC54
:104690007047000090B585B000AF3A601A460346F7
:1046A000FB710B46BB7113467B710023FB7323E048
:1046B000BA79FB7B1344DCB27A79FB7BD31A013BDA
:1046C00019460A20FFF7CDFF02463B68B3FBF2F123
:1046D0000E4BA3FB0123DA0813469B0013445B0037
:1046E000CA1AD3B23033DAB2FB7921461846FFF743
:1046F00039FFFB7B0133FB73FA7B7B799A42D7D37B
:1047000000BF00BF1437BD4690BD00BFCDCCCCCCA0
:1047100080B584B000AF3A601A460346FB710B4681
:10472000BB7113467B714FF000013868FCF7DCFC6D
:104730000346002B06D0B979FB792B221846FFF7E8
:1047400011FF09E0B979FB792D221846FFF70AFF1E
:104750003B6883F000433B603868FCF7FFFC03468E
:10476000FB60F868FCF7B6FA034619463868FCF7B0
:10477000FFF903461D491846FCF704FB03464FF0BA
:104780007C511846FCF7F6F903461846FCF7E6FCA0
:104790000346BB60BB68632B05D9FB680133FB6034
:1047A000BB68643BBB60BB790133D9B27B79F879D4
:1047B000FA68FFF76FFFBA797B791344DBB20133F4
:1047C000D9B2FB792E221846FFF7CCFEBA797B7955
:1047D0001344DBB20233D9B2F8790223BA68FFF787
:1047E00059FF00BF1037BD4680BD00BF0000C84262
:1047F00080B582B000AF00237B600CE000233B60FB
:1048000002E03B6801333B603B68B3F57A7FF8D345
:104810007B6801337B607B68B3F57A7FEED3FFF76B
:10482000A9FDAE20FFF72AFED520FFF727FE802046
:10483000FFF724FEA820FFF721FE3F20FFF71EFE12
:10484000D320FFF71BFE0020FFF718FE4020FFF7E4
:1048500015FEA120FFF712FEC820FFF70FFEDA2099
:10486000FFF70CFE1220FFF709FE8120FFF706FE7E
:10487000CF20FFF703FED920FFF700FEF120FFF75E
:10488000FDFDDB20FFF7FAFD3020FFF7F7FDA42048
:10489000FFF7F4FDA620FFF7F1FD8D20FFF7EEFDF9
:1048A0001420FFF7EBFDAF20FFF7E8FDFFF737FE21
:1048B00000BF0837BD4680BD80B500AF0021044869
:1048C00002F0D8F90421024802F0D4F900BF80BDFB
:1048D0003003002080B584B000AF03460A46FB8059
:1048E0001346BB803C4B1B68DB6AFB813A4B1B6861
:1048F000DB6ABB81B7F90620B7F90E309A4201DDB9
:10490000FB89FB80B7F90620B7F90E305B429A426B
:1049100003DAFB895B429BB2FB80B7F90420B7F94D
:104920000C309A4201DDBB89BB80B7F90420B7F98E
:104930000C305B429A4203DABB895B429BB2BB807C
:10494000B7F90630002B0EDA00222021234800F0B0
:1049500011FC01221021214800F00CFCFB885B4275
:104960009BB2FB8009E0012220211C4800F002FCE0
:1049700000221021194800F0FDFB174B1B68B7F906
:1049800006205A63B7F90430002B10DA00224FF4E6
:104990008051124800F0EEFB01224FF400610F48F5
:1049A00000F0E8FBBB885B429BB2BB800BE00122BE
:1049B0004FF48051094800F0DDFB00224FF4006104
:1049C000064800F0D7FB044B1B68B7F904209A6334
:1049D00000BF1037BD4680BD3003002000080140F5
:1049E00080B500AF084B1B68074A43F01003136003
:1049F000032000F047F90F2000F008F8FCF7C8FF8B
:104A00000023184680BD00BF0020024080B582B060
:104A100000AF7860124B1A68124B1B7819464FF49E
:104A20007A73B3FBF1F3B2FBF3F3184600F05FF9CE
:104A30000346002B01D001230EE07B680F2B0AD820
:104A4000002279684FF0FF3000F027F9064A7B68B2
:104A50001360002300E0012318460837BD4680BDDF
:104A600000000020340000203000002080B400AF9F
:104A7000054B1B781A46054B1B681344034A136009
:104A800000BFBD4680BC7047340000206804002091
:104A900080B400AF024B1B681846BD4680BC70470F
:104AA0006804002080B584B000AF7860FFF7F0FFA5
:104AB000B8607B68FB60FB68B3F1FF3F05D00A4B31
:104AC0001B781A46FB681344FB6000BFFFF7E0FF4A
:104AD0000246BB68D31AFA689A42F7D800BF00BFF3
:104AE0001037BD4680BD00BF3400002080B485B0C3
:104AF00000AF78607B6803F00703FB600C4BDB685A
:104B0000BB60BA684FF6FF031340BB60FB681A0234
:104B1000BB68134343F0BF6343F40033BB60044AF4
:104B2000BB68D36000BF1437BD4680BC704700BF70
:104B300000ED00E080B400AF044BDB681B0A03F01B
:104B400007031846BD4680BC704700BF00ED00E07B
:104B500080B483B000AF0346FB7197F90730002B98
:104B60000BDBFB7903F01F02064997F907305B095D
:104B7000012000FA02F241F8232000BF0C37BD46A5
:104B800080BC704700E100E080B483B000AF034612
:104B90003960FB7197F90730002B0ADB3B68DAB20A
:104BA0000C4997F907301201D2B20B4483F8002365
:104BB0000AE03B68DAB20849FB7903F00F03043BD3
:104BC0001201D2B20B441A7600BF0C37BD4680BC2E
:104BD000704700BF00E100E000ED00E080B489B064
:104BE00000AFF860B9607A60FB6803F00703FB610F
:104BF000FB69C3F10703042B28BF0423BB61FB69D6
:104C00000433062B02D9FB69033B00E000237B61E0
:104C10004FF0FF32BB6902FA03F3DA43BB681A4074
:104C20007B699A404FF0FF317B6901FA03F3D94366
:104C30007B680B40134318462437BD4680BC704741
:104C400080B582B000AF78607B68013BB3F1807FB4
:104C500001D301230FE00A4A7B68013B53600F2117
:104C60004FF0FF30FFF790FF054B00229A60044B96
:104C700007221A60002318460837BD4680BD00BFD2
:104C800010E000E080B582B000AF78607868FFF790
:104C90002DFF00BF0837BD4680BD80B586B000AF90
:104CA0000346B9607A60FB7300237B61FFF742FF24
:104CB00078617A68B9687869FFF790FF024697F9DA
:104CC0000F3011461846FFF75FFF00BF1837BD468B
:104CD00080BD80B582B000AF0346FB7197F9073005
:104CE0001846FFF735FF00BF0837BD4680BD80B5C9
:104CF00082B000AF78607868FFF7A2FF03461846DD
:104D00000837BD4680BD80B485B000AF7860002311
:104D1000FB737B6893F82130DBB2022B08D07B68F1
:104D200004229A637B68002283F82020012320E07C
:104D30007B681B681A687B681B6822F00E021A6089
:104D40007B681B681A687B681B6822F001021A6086
:104D50007B681A6C7B68DB6B012101FA02F25A60F6
:104D60007B68012283F821207B68002283F82020C1
:104D7000FB7B18461437BD4680BC704780B584B0B5
:104D800000AF78600023FB737B6893F82130DBB2BF
:104D9000022B05D07B6804229A630123FB7351E048
:104DA0007B681B681A687B681B6822F00E021A6019
:104DB0007B681B681A687B681B6822F001021A6016
:104DC0007B681B68224A934229D07B681B68214A72
:104DD000934222D07B681B681F4A93421AD07B689B
:104DE0001B681E4A934212D07B681B681C4A934280
:104DF0000AD07B681B681B4A934202D14FF4801390
:104E00000EE04FF080730BE04FF4803308E04FF476
:104E1000805305E04FF4807302E0102300E001238B
:104E2000114A53607B68012283F821207B680022AD
:104E300083F820207B685B6B002B03D07B685B6B67
:104E400078689847FB7B18461037BD4680BD00BF89
:104E5000080002401C0002403000024044000240B2
:104E6000580002406C0002400000024080B48BB049
:104E700000AF7860396000237B6200233B6269E108
:104E800001227B6A02FA03F3FB613B681B68FA6943
:104E90001340BB61BA69FB699A4240F058813B6894
:104EA0005B689A4A93425ED0984A934275D8984A72
:104EB000934258D0964A93426FD8964A934252D022
:104EC000944A934269D8944A93424CD0924A93426E
:104ED00063D8924A934246D0904A93425DD8122BAF
:104EE0002AD8122B59D801A252F823F0674F000894
:104EF000414F0008534F0008954F00089B4F000892
:104F00009B4F00089B4F00089B4F00089B4F0008D9
:104F10009B4F00089B4F00089B4F00089B4F0008C9
:104F20009B4F00089B4F00089B4F00089B4F0008B9
:104F3000494F00085D4F0008794A934213D02CE096
:104F40003B68DB683B6229E03B68DB6804333B621B
:104F500024E03B68DB6808333B621FE03B68DB68AA
:104F60000C333B621AE03B689B68002B02D10423A0
:104F70003B6213E03B689B68012B05D108233B6231
:104F80007B68FA691A6109E008233B627B68FA6969
:104F90005A6103E000233B6200E000BFBB69FF2BC6
:104FA00001D87B6801E07B6804337B61BB69FF2B20
:104FB00002D87B6A9B0002E07B6A083B9B003B6156
:104FC0007B691A680F213B6901FA03F3DB431A403E
:104FD000396A3B6901FA03F31A437B691A603B683B
:104FE0005B6803F08053002B00F0B1804D4B9B6950
:104FF0004C4A43F0010393614A4B9B6903F0010360
:10500000BB60BB68484A7B6A9B08023352F8233076
:10501000FB607B6A03F003039B000F2202FA03F399
:10502000DB43FA681340FB607B68404A934213D02D
:105030007B683F4A93420DD07B683E4A934207D03B
:105040007B683D4A934201D1032306E0042304E038
:10505000022302E0012300E000237A6A02F0030247
:1050600092009340FA681343FB602F497B6A9B08C8
:105070000233FA6841F823203B685B6803F480132D
:10508000002B06D02D4B9A682C49BB6913438B60CB
:1050900006E02A4B9A68BB69DB43284913408B60C2
:1050A0003B685B6803F40013002B06D0234BDA68DF
:1050B0002249BB691343CB6006E0204BDA68BB6929
:1050C000DB431E491340CB603B685B6803F400334D
:1050D000002B06D0194B5A681849BB6913434B6023
:1050E00006E0164B5A68BB69DB43144913404B601A
:1050F0003B685B6803F48033002B21D00F4B1A68A8
:105100000E49BB6913430B6021E000BF0000321061
:1051100000003110000022100000211000001210C9
:105120000000111000100240000001400008014082
:10513000000C014000100140001401400004014037
:105140000B4B1A68BB69DB43094913400B607B6A50
:1051500001337B623B681A687B6A22FA03F3002BF7
:105160007FF48EAE00BF00BF2C37BD4680BC7047B9
:105170000004014080B483B000AF78600B467B80B0
:1051800013467B707B78002B03D07A887B681A618A
:1051900003E07B881A047B681A6100BF0C37BD46A8
:1051A00080BC704780B584B000AF78607B68002B0E
:1051B00001D101232BE17B6893F83D30DBB2002B5A
:1051C00006D17B68002283F83C207868FCF7D0F891
:1051D0007B68242283F83D207B681B681A687B6803
:1051E0001B6822F001021A607B681B681A687B68E2
:1051F0001B6842F400421A607B681B681A687B686F
:105200001B6822F400421A6001F0FCFBF8607B6826
:105210005B68814A934207D8FB68804A934294BFF7
:1052200001230023DBB206E0FB687D4A934294BF72
:1052300001230023DBB2002B01D00123E7E0FB6850
:10524000784AA2FB03239B0CBB607B681B685B68EE
:1052500023F03F017B681B68BA680A435A607B6889
:105260001B681B6A23F03F017B685B686A4A9342B4
:1052700002D8BB68013309E0BB684FF4967202FBA9
:1052800003F3694AA2FB03239B0901337A6812687E
:105290000B4313627B681B68DB6923F44F4222F0E7
:1052A000FF027B685B685C498B4219D8FB68591E1A
:1052B0007B685B685B00B1FBF3F3591C40F6FC7341
:1052C0000B40002B0AD0FB68591E7B685B685B00B3
:1052D000B1FBF3F30133C3F30B0351E004234FE0BD
:1052E0007B689B68002B11D1FB68581E7B6859684E
:1052F0000B465B000B44B0FBF3F30133C3F30B032A
:10530000002B0CBF01230023DBB212E0FB68581E08
:105310007B6859680B469B000B4499000B44B0FB1B
:10532000F3F30133C3F30B03002B0CBF0123002362
:10533000DBB2002B01D0012322E07B689B68002BAD
:105340000ED1FB68581E7B6859680B465B000B4406
:10535000B0FBF3F30133C3F30B0343F400430FE05B
:10536000FB68581E7B6859680B469B000B449900EC
:105370000B44B0FBF3F30133C3F30B0343F440439B
:10538000796809681343CB617B681B681B6823F04D
:10539000C0017B68DA697B681B6A1A437B681B68FB
:1053A0000A431A607B681B689B6823F4034323F05D
:1053B000FF037A6811697A68D26811437A681268C3
:1053C0000B4393607B681B68DB6823F0FF017B68FD
:1053D0005A697B689B691A437B681B680A43DA60D9
:1053E0007B681B681A687B681B6842F001021A60C0
:1053F0007B6800221A647B68202283F83D207B684A
:1054000000221A637B68002283F83E20002318469E
:105410001037BD4680BD00BFA08601007F841E00FE
:10542000FF083D0083DE1B43D34D621080B588B07A
:1054300002AFF860084611461A4603467B810B46C8
:105440003B811346FB80FFF723FB7861FB6893F8F1
:105450003D30DBB2202B40F0D9807B6900931923CB
:1054600001226D49F86800F0CDFC0346002B01D005
:105470000223CCE0FB6893F83C30012B01D10223DE
:10548000C5E0FB68012283F83C20FB681B681B68B1
:1054900003F00103012B07D0FB681B681A68FB6847
:1054A0001B6842F001021A60FB681B681A68FB68FF
:1054B0001B6822F400621A60FB68212283F83D20F9
:1054C000FB68402283F83E20FB6800221A64FB68D8
:1054D0003A6A5A62FB68BA8C5A85FB685B8D9AB24D
:1054E000FB681A85FB684D4ADA62F8883A8979893F
:1054F0007B690193BB6A00930346F86800F004FBE4
:105500000346002B52D0012381E07A69B96AF8681A
:1055100000F092FD0346002B0DD0FB681B6C042BA2
:1055200007D1FB681B681A68FB681B6842F40072AD
:105530001A6001236BE0FB685B6A1A78FB681B68E2
:105540001A61FB685B6A5A1CFB685A62FB681B8D18
:10555000013B9AB2FB681A85FB685B8D9BB2013BED
:105560009AB2FB685A85FB681B685B6903F0040309
:10557000042B1BD1FB681B8D002B17D0FB685B6ACB
:105580001A78FB681B681A61FB685B6A5A1CFB6827
:105590005A62FB681B8D013B9AB2FB681A85FB6857
:1055A0005B8D9BB2013B9AB2FB685A85FB681B8DF1
:1055B000002BAAD17A69B96AF86800F085FD034624
:1055C000002B0DD0FB681B6C042B07D1FB681B68FC
:1055D0001A68FB681B6842F400721A60012316E027
:1055E000FB681B681A68FB681B6842F400721A604B
:1055F000FB68202283F83D20FB68002283F83E20D0
:10560000FB68002283F83C20002300E002231846B8
:105610001837BD4680BD00BF020010000000FFFF2C
:1056200080B58CB002AFF860084611461A460346B2
:105630007B810B463B811346FB8000233B62FFF7D7
:1056400027FA7862FB6893F83D30DBB2202B40F0FC
:1056500050827B6A0093192301228249F86800F086
:10566000D1FB0346002B01D0022343E2FB6893F8F1
:105670003C30012B01D102233CE2FB68012283F87C
:105680003C20FB681B681B6803F00103012B07D05B
:10569000FB681B681A68FB681B6842F001021A600D
:1056A000FB681B681A68FB681B6822F400621A60BA
:1056B000FB68222283F83D20FB68402283F83E20CD
:1056C000FB6800221A64FB683A6B5A62FB68BA8E68
:1056D0005A85FB685B8D9AB2FB681A85FB68624A43
:1056E000DA62F8883A8979897B6A0193BB6B009307
:1056F0000346F86800F09EFA0346002B01D0012310
:10570000F8E1FB681B8D002B13D10023FB61FB68C4
:105710001B685B69FB61FB681B689B69FB61FB693C
:10572000FB681B681A68FB681B6842F400721A6009
:10573000CCE1FB681B8D012B1ED1FB681B681A682E
:10574000FB681B6822F480621A6072B600BF0023F7
:10575000BB61FB681B685B69BB61FB681B689B697D
:10576000BB61BB69FB681B681A68FB681B6842F475
:1057700000721A6062B635E0FB681B8D022B1ED1E9
:10578000FB681B681A68FB681B6842F400621A60B9
:1057900072B600BF00237B61FB681B685B697B619D
:1057A000FB681B689B697B617B69FB681B681A68E7
:1057B000FB681B6822F480621A6062B612E0FB6824
:1057C0001B681A68FB681B6842F480621A60002339
:1057D0003B61FB681B685B693B61FB681B689B69FD
:1057E0003B613B6972E1FB681B8D032B00F21F815B
:1057F000FB681B8D012B23D17A6AB96BF86800F026
:10580000ABFC0346002B01D0012373E1FB681B684E
:105810001A69FB685B6AD2B21A70FB685B6A5A1C31
:10582000FB685A62FB681B8D013B9AB2FB681A85C4
:10583000FB685B8D9BB2013B9AB2FB685A8545E1E0
:10584000FB681B8D022B52D17B6A0093BB6B00223D
:105850000649F86800F0D6FA0346002B08D0012369
:1058600048E100BF020010000000FFFF040001003B
:1058700072B600BFFB681B681A68FB681B6842F4BD
:1058800000721A60FB681B681A69FB685B6AD2B217
:105890001A70FB685B6A5A1CFB685A62FB681B8DB6
:1058A000013B9AB2FB681A85FB685B8D9BB2013B9A
:1058B0009AB2FB685A8562B600BFFB681B681A691A
:1058C000FB685B6AD2B21A70FB685B6A5A1CFB68A1
:1058D0005A62FB681B8D013B9AB2FB681A85FB6814
:1058E0005B8D9BB2013B9AB2FB685A85EEE07B6A06
:1058F0000093BB6B00228149F86800F083FA0346ED
:10590000002B01D00123F5E0FB681B681A68FB68D7
:105910001B6822F480621A6072B600BFFB681B68C5
:105920001A69FB685B6AD2B21A70FB685B6A5A1C20
:10593000FB685A62FB681B8D013B9AB2FB681A85B3
:10594000FB685B8D9BB2013B9AB2FB685A856C4B3E
:105950001B68DB086B4AA2FB03231A0A13469B0051
:105960001344DA00D31A3B623B6A013B3B623B6A59
:10597000002B18D1FB6800221A63FB68202283F8F1
:105980003D20FB68002283F83E20FB681B6C43F03F
:105990002002FB681A6462B600BFFB68002283F82D
:1059A0003C200123A6E0FB681B685B6903F004034D
:1059B000042BD9D1FB681B681A68FB681B6842F48A
:1059C00000721A60FB681B681A69FB685B6AD2B2D6
:1059D0001A70FB685B6A5A1CFB685A62FB681B8D75
:1059E000013B9AB2FB681A85FB685B8D9BB2013B59
:1059F0009AB2FB685A8562B600BFFB681B681A69D9
:105A0000FB685B6AD2B21A70FB685B6A5A1CFB685F
:105A10005A62FB681B8D013B9AB2FB681A85FB68D2
:105A20005B8D9BB2013B9AB2FB685A854EE07A6A65
:105A3000B96BF86800F090FB0346002B01D00123FE
:105A400058E0FB681B681A69FB685B6AD2B21A707F
:105A5000FB685B6A5A1CFB685A62FB681B8D013B42
:105A60009AB2FB681A85FB685B8D9BB2013B9AB2C8
:105A7000FB685A85FB681B685B6903F00403042B11
:105A800024D1FB681B8D032B07D1FB681B681A68A8
:105A9000FB681B6822F480621A60FB681B681A6945
:105AA000FB685B6AD2B21A70FB685B6A5A1CFB68BF
:105AB0005A62FB681B8D013B9AB2FB681A85FB6832
:105AC0005B8D9BB2013B9AB2FB685A85FB681B8DCC
:105AD000002B7FF488AEFB68202283F83D20FB6812
:105AE000002283F83E20FB68002283F83C2000233C
:105AF00000E0022318462837BD4680BD040001009F
:105B00000000002089B5F81480B588B002AFF860B5
:105B1000084611461A4603467B810B463B811346D5
:105B2000FB80FB681B681A68FB681B6842F4807284
:105B30001A607B6A00933B6A00224FF00111F868FB
:105B400000F060F90346002B0DD0FB681B681B6852
:105B500003F48073B3F5807F03D1FB684FF40072C8
:105B60001A6403235FE07B89DBB21A46FB681B687B
:105B700002F0FE021A617B6A3A6A2D49F86800F069
:105B8000BBF90346002B01D001234CE000237B61CD
:105B9000FB681B685B697B61FB681B689B697B61B9
:105BA0007B697A6A396AF86800F046FA0346002B86
:105BB0000DD0FB681B6C042B07D1FB681B681A68AF
:105BC000FB681B6842F400721A6001232BE0FB881B
:105BD000012B05D13B89DAB2FB681B681A6121E011
:105BE0003B891B0A9BB2DAB2FB681B681A617A6AAE
:105BF000396AF86800F020FA0346002B0DD0FB68E4
:105C00001B6C042B07D1FB681B681A68FB681B68B8
:105C100042F400721A60012305E03B89DAB2FB68A6
:105C20001B681A61002318461837BD4680BD00BFA7
:105C30000200010080B588B002AFF8600846114646
:105C40001A4603467B810B463B811346FB80FB686B
:105C50001B681A68FB681B6842F480621A60FB6864
:105C60001B681A68FB681B6842F480721A607B6AC2
:105C700000933B6A00224FF00111F86800F0C2F86F
:105C80000346002B0DD0FB681B681B6803F4807370
:105C9000B3F5807F03D1FB684FF400721A640323CD
:105CA000AAE07B89DBB21A46FB681B6802F0FE02A1
:105CB0001A617B6A3A6A5249F86800F01DF9034696
:105CC000002B01D0012397E000237B61FB681B6858
:105CD0005B697B61FB681B689B697B617B697A6A96
:105CE000396AF86800F0A8F90346002B0DD0FB686C
:105CF0001B6C042B07D1FB681B681A68FB681B68C8
:105D000042F400721A60012376E0FB88012B05D172
:105D10003B89DAB2FB681B681A6121E03B891B0AE8
:105D20009BB2DAB2FB681B681A617A6A396AF86852
:105D300000F082F90346002B0DD0FB681B6C042B8E
:105D400007D1FB681B681A68FB681B6842F4007285
:105D50001A60012350E03B89DAB2FB681B681A61C4
:105D60007A6A396AF86800F067F90346002B0DD0AB
:105D7000FB681B6C042B07D1FB681B681A68FB6867
:105D80001B6842F400721A60012335E0FB681B684F
:105D90001A68FB681B6842F480721A607B6A009381
:105DA0003B6A00224FF00111F86800F02BF803461F
:105DB000002B0DD0FB681B681B6803F48073B3F5E0
:105DC000807F03D1FB684FF400721A64032313E051
:105DD0007B89DBB243F00103DAB2FB681B681A610E
:105DE0007B6A3A6A0649F86800F086F80346002B99
:105DF00001D0012300E0002318461837BD4680BDBE
:105E00000200010080B584B000AFF860B9603B606B
:105E10001346FB7148E03B68B3F1FF3F44D0FEF707
:105E200037FE0246BB69D31A3A689A4202D33B68EE
:105E3000002B39D1BB681B0CDBB2012B0DD1FB68E9
:105E40001B685B69DA43BB6813409BB2002B0CBF35
:105E500001230023DBB21A460CE0FB681B689B6938
:105E6000DA43BB6813409BB2002B0CBF0123002315
:105E7000DBB21A46FB799A4216D1FB6800221A63FC
:105E8000FB68202283F83D20FB68002283F83E2037
:105E9000FB681B6C43F02002FB681A64FB6800225D
:105EA00083F83C20012323E0BB681B0CDBB2012BF1
:105EB0000DD1FB681B685B69DA43BB6813409BB27A
:105EC000002B0CBF01230023DBB21A460CE0FB6859
:105ED0001B689B69DA43BB6813409BB2002B0CBF65
:105EE00001230023DBB21A46FB799A4293D00023A8
:105EF00018461037BD4680BD80B584B000AFF8604D
:105F0000B9607A603B6071E0FB681B685B6903F411
:105F10008063B3F5806F23D1FB681B681A68FB6848
:105F20001B6842F400721A60FB681B686FF48062A1
:105F30005A61FB6800221A63FB68202283F83D2027
:105F4000FB68002283F83E20FB681B6C43F00402D0
:105F5000FB681A64FB68002283F83C20012367E099
:105F60007B68B3F1FF3F41D0FEF792FD02463B68EC
:105F7000D31A7A689A4202D37B68002B36D1BB6869
:105F80001B0CDBB2012B0CD1FB681B685B69DA438D
:105F9000BB6813409BB2002B14BF01230023DBB26C
:105FA0000BE0FB681B689B69DA43BB6813409BB23C
:105FB000002B14BF01230023DBB2002B16D0FB689B
:105FC00000221A63FB68202283F83D20FB68002230
:105FD00083F83E20FB681B6C43F02002FB681A64C8
:105FE000FB68002283F83C20012321E0BB681B0CE6
:105FF000DBB2012B0CD1FB681B685B69DA43BB6821
:1060000013409BB2002B14BF01230023DBB20BE033
:10601000FB681B689B69DA43BB6813409BB2002B8B
:1060200014BF01230023DBB2002B7FF46DAF0023EC
:1060300018461037BD4680BD80B584B000AFF8600B
:10604000B9607A6034E0F86800F0E3F80346002BAA
:1060500001D0012334E0BB68B3F1FF3F28D0FEF745
:1060600017FD02467B68D31ABA689A4202D3BB680E
:10607000002B1DD1FB681B685B6903F08003802B3C
:1060800016D0FB6800221A63FB68202283F83D20AB
:10609000FB68002283F83E20FB681B6C43F0200263
:1060A000FB681A64FB68002283F83C20012307E0A8
:1060B000FB681B685B6903F08003802BC3D100235E
:1060C00018461037BD4680BD80B584B000AFF8607B
:1060D000B9607A6034E0F86800F09BF80346002B62
:1060E00001D0012334E0BB68B3F1FF3F28D0FEF7B5
:1060F000CFFC02467B68D31ABA689A4202D3BB68C7
:10610000002B1DD1FB681B685B6903F00403042BA3
:1061100016D0FB6800221A63FB68202283F83D201A
:10612000FB68002283F83E20FB681B6C43F02002D2
:10613000FB681A64FB68002283F83C20012307E017
:10614000FB681B685B6903F00403042BC3D10023C5
:1061500018461037BD4680BD80B584B000AFF860EA
:10616000B9607A6049E0FB681B685B6903F0100363
:10617000102B19D1FB681B686FF010025A61FB6885
:1061800000221A63FB68202283F83D20FB6800226E
:1061900083F83E20FB681A6CFB681A64FB680022D7
:1061A00083F83C20012330E0FEF772FC02467B6856
:1061B000D31ABA689A4202D3BB68002B1DD1FB6880
:1061C0001B685B6903F04003402B16D0FB6800227C
:1061D0001A63FB68202283F83D20FB68002283F8C5
:1061E0003E20FB681B6C43F02002FB681A64FB68CE
:1061F000002283F83C20012307E0FB681B685B69F1
:1062000003F04003402BAED1002318461037BD46A3
:1062100080BD80B483B000AF78607B681B685B6929
:1062200003F48063B3F5806F1BD17B681B686FF448
:1062300080625A617B6800221A637B68202283F89F
:106240003D207B68002283F83E207B681B6C43F076
:1062500004027B681A647B68002283F83C200123D7
:1062600000E0002318460C37BD4680BC7047000094
:1062700080B586B000AF78607B68002B01D1012328
:1062800072E27B681B6803F00103002B00F087803B
:10629000924B5B6803F00C03042B0CD08F4B5B68B4
:1062A00003F00C03082B12D18C4B5B6803F4803392
:1062B000B3F5803F0BD1894B1B6803F40033002BEF
:1062C0006CD07B685B68002B68D101234CE27B6853
:1062D0005B68B3F5803F06D1804B1B687F4A43F46F
:1062E000803313602EE07B685B68002B0CD17B4B06
:1062F0001B687A4A23F480331360784B1B68774A13
:1063000023F4802313601DE07B685B68B3F5A02F46
:106310000CD1724B1B68714A43F4802313606F4B9E
:106320001B686E4A43F4803313600BE06B4B1B68B1
:106330006A4A23F480331360684B1B68674A23F46E
:10634000802313607B685B68002B13D0FEF7A0FBF3
:10635000386108E0FEF79CFB02463B69D31A642BC8
:1063600001D9032300E25D4B1B6803F40033002BCB
:10637000F0D014E0FEF78CFB386108E0FEF788FBF4
:1063800002463B69D31A642B01D90323ECE1534B3A
:106390001B6803F40033002BF0D100E000BF7B68E2
:1063A0001B6803F00203002B63D04C4B5B6803F0C7
:1063B0000C03002B0BD0494B5B6803F00C03082B3C
:1063C0001CD1464B5B6803F48033002B16D1434B42
:1063D0001B6803F00203002B05D07B681B69012BAF
:1063E00001D00123C0E13D4B1B6823F0F8027B681C
:1063F0005B69DB00394913430B603AE07B681B693A
:10640000002B20D0364B01221A60FEF741FB386189
:1064100008E0FEF73DFB02463B69D31A022B01D987
:106420000323A1E12D4B1B6803F00203002BF0D0E6
:106430002A4B1B6823F0F8027B685B69DB00274965
:1064400013430B6015E0264B00221A60FEF720FB79
:10645000386108E0FEF71CFB02463B69D31A022BA9
:1064600001D9032380E11D4B1B6803F00203002BBD
:10647000F0D17B681B6803F00803002B3AD07B68DF
:106480009B69002B19D0174B01221A60FEF700FB05
:10649000386108E0FEF7FCFA02463B69D31A022B8A
:1064A00001D9032360E10D4B5B6A03F00203002B6B
:1064B000F0D0012000F0CEFA1CE00A4B00221A6056
:1064C000FEF7E6FA38610FE0FEF7E2FA02463B69B2
:1064D000D31A022B08D9032346E100BF0010024063
:1064E0000000424280044242924B5B6A03F0020386
:1064F000002BE9D17B681B6803F00403002B00F03C
:10650000A6800023FB758B4BDB6903F08053002BC7
:106510000DD1884BDB69874A43F08053D361854BAB
:10652000DB6903F08053BB60BB680123FB75824BC2
:106530001B6803F48073002B18D17F4B1B687E4AC5
:1065400043F480731360FEF7A3FA386108E0FEF7A6
:106550009FFA02463B69D31A642B01D9032303E156
:10656000754B1B6803F48073002BF0D07B68DB68ED
:10657000012B06D16F4B1B6A6E4A43F00103136275
:106580002DE07B68DB68002B0CD16A4B1B6A694AE3
:1065900023F001031362674B1B6A664A23F004036E
:1065A00013621CE07B68DB68052B0CD1614B1B6A16
:1065B000604A43F0040313625E4B1B6A5D4A43F07A
:1065C000010313620BE05B4B1B6A5A4A23F0010381
:1065D0001362584B1B6A574A23F0040313627B680B
:1065E000DB68002B15D0FEF753FA38610AE0FEF79E
:1065F0004FFA02463B69D31A41F28832934201D9DD
:106600000323B1E04B4B1B6A03F00203002BEED0D7
:1066100014E0FEF73DFA38610AE0FEF739FA024667
:106620003B69D31A41F28832934201D903239BE09C
:10663000404B1B6A03F00203002BEED1FB7D012BC4
:1066400005D13C4BDB693B4A23F08053D3617B6827
:10665000DB69002B00F08780364B5B6803F00C038E
:10666000082B61D07B68DB69022B46D1334B0022BB
:106670001A60FEF70DFA386108E0FEF709FA0246E3
:106680003B69D31A022B01D903236DE0294B1B6808
:1066900003F00073002BF0D17B681B6AB3F5803FD9
:1066A00008D1244B5B6823F400327B689B68214946
:1066B00013434B601F4B5B6823F474127B68196AA9
:1066C0007B685B6A0B431B4913434B601B4B0122E6
:1066D0001A60FEF7DDF9386108E0FEF7D9F90246E5
:1066E0003B69D31A022B01D903233DE0114B1B68F0
:1066F00003F00073002BF0D035E0104B00221A603D
:10670000FEF7C6F9386108E0FEF7C2F902463B69B8
:10671000D31A022B01D9032326E0064B1B6803F092
:106720000073002BF0D11EE07B68DB69012B07D1E1
:10673000012319E000100240007000406000424256
:106740000B4B5B68FB60FB6803F480327B681B6A61
:106750009A4206D1FB6803F470127B685B6A9A4226
:1067600001D0012300E0002318461837BD4680BD44
:106770000010024080B584B000AF786039607B685B
:10678000002B01D10123D0E06A4B1B6803F0070303
:106790003A689A4210D9674B1B6823F00702654993
:1067A0003B6813430B60634B1B6803F007033A68B5
:1067B0009A4201D00123B8E07B681B6803F0020312
:1067C000002B20D07B681B6803F00403002B05D04E
:1067D000594B5B68584A43F4E06353607B681B681D
:1067E00003F00803002B05D0534B5B68524A43F477
:1067F00060535360504B5B6823F0F0027B689B68EA
:106800004D4913434B607B681B6803F00103002B69
:1068100040D07B685B68012B07D1474B1B6803F4B2
:106820000033002B15D101237FE07B685B68022BCE
:1068300007D1414B1B6803F00073002B09D10123E2
:1068400073E03D4B1B6803F00203002B01D10123D1
:106850006BE0394B5B6823F003027B685B68364969
:1068600013434B60FEF714F9F8600AE0FEF710F9E5
:106870000246FB68D31A41F28832934201D90323BE
:1068800053E02D4B5B6803F00C027B685B689B0058
:106890009A42EBD1274B1B6803F007033A689A42F0
:1068A00010D2244B1B6823F0070222493B68134394
:1068B0000B60204B1B6803F007033A689A4201D033
:1068C000012332E07B681B6803F00403002B08D02F
:1068D000194B5B6823F4E0627B68DB68164913435D
:1068E0004B607B681B6803F00803002B09D0124B38
:1068F0005B6823F460527B681B69DB000E4913431D
:106900004B6000F021F802460B4B5B681B0903F05B
:106910000F030A49CB5C22FA03F3094A1360094BBF
:106920001B681846FEF772F8002318461037BD465C
:1069300080BD00BF002002400010024050C8000887
:10694000000000203000002080B487B000AF00239A
:10695000FB600023BB6000237B6100237B6000237E
:106960003B611E4B5B68FB60FB6803F00C03042B70
:1069700002D0082B03D027E0194B3B6127E0FB68CE
:106980009B0C03F00F03174AD35C7B60FB6803F496
:106990008033002B10D0114B5B685B0C03F00103BC
:1069A000114AD35CBB607B680D4A03FB02F2BB68F3
:1069B000B2FBF3F37B6104E07B680C4A02FB03F358
:1069C0007B617B693B6102E0054B3B6100BF3B693A
:1069D00018461C37BD4680BC704700BF00100240FF
:1069E00000127A00B0DA0008C0DA000800093D00A1
:1069F00080B400AF024B1B681846BD4680BC704790
:106A00000000002080B500AFFFF7F2FF0246054B03
:106A10005B681B0A03F007030349CB5C22FA03F30C
:106A2000184680BD0010024060C8000880B500AF65
:106A3000FFF7DEFF0246054B5B68DB0A03F0070346
:106A40000349CB5C22FA03F3184680BD00100240D4
:106A500060C8000880B485B000AF78600A4B1B683E
:106A60000A4AA2FB03235B0A7A6802FB03F3FB607A
:106A700000BFFB685A1EFA60002BF9D100BF00BFAF
:106A80001437BD4680BC704700000020D34D621013
:106A900080B582B000AF78607B68002B01D1012304
:106AA00041E07B6893F83D30DBB2002B06D17B6878
:106AB000002283F83C207868FBF78AFA7B68022280
:106AC00083F83D207B681A687B68043319461046BA
:106AD00000F040FD7B68012283F846207B6801229C
:106AE00083F83E207B68012283F83F207B680122E7
:106AF00083F840207B68012283F841207B680122D3
:106B000083F842207B68012283F843207B680122BE
:106B100083F844207B68012283F845207B680122AA
:106B200083F83D20002318460837BD4680BD00008D
:106B300080B485B000AF78607B6893F83D30DBB2FD
:106B4000012B01D001233AE07B68022283F83D202B
:106B50007B681B68DA687B681B6842F00102DA60B8
:106B60007B681B68184A93420ED07B681B68B3F1A0
:106B7000804F09D07B681B68144A934204D07B681D
:106B80001B68134A934211D17B681B689B6803F012
:106B90000703FB60FB68062B10D07B681B681A6834
:106BA0007B681B6842F001021A6007E07B681B6883
:106BB0001A687B681B6842F001021A6000231846BD
:106BC0001437BD4680BC7047002C014000040040D3
:106BD0000008004080B582B000AF78607B68002B71
:106BE00001D1012341E07B6893F83D30DBB2002BFB
:106BF00006D17B68002283F83C207868FBF7CCF94B
:106C00007B68022283F83D207B681A687B68043326
:106C10001946104600F09EFC7B68012283F846204E
:106C20007B68012283F83E207B68012283F83F20A5
:106C30007B68012283F840207B68012283F8412091
:106C40007B68012283F842207B68012283F843207D
:106C50007B68012283F844207B68012283F8452069
:106C60007B68012283F83D20002318460837BD4683
:106C700080BD000080B584B000AF786039603B68AB
:106C8000002B09D17B6893F83E30DBB2012B14BF97
:106C900001230023DBB222E03B68042B09D17B688F
:106CA00093F83F30DBB2012B14BF01230023DBB28A
:106CB00015E03B68082B09D17B6893F84030DBB2C4
:106CC000012B14BF01230023DBB208E07B6893F89B
:106CD0004130DBB2012B14BF01230023DBB2002BB8
:106CE00001D001235EE03B68002B04D17B680222C7
:106CF00083F83E2013E03B68042B04D17B6802221A
:106D000083F83F200BE03B68082B04D17B6802220C
:106D100083F8402003E07B68022283F841207B68EF
:106D20001B6801223968184600F0A0FE7B681B68CA
:106D30001E4A934207D17B681B685A6C7B681B68AC
:106D400042F400425A647B681B68184A93420ED092
:106D50007B681B68B3F1804F09D07B681B68144ABD
:106D6000934204D07B681B68124A934211D17B681E
:106D70001B689B6803F00703FB60FB68062B10D0C1
:106D80007B681B681A687B681B6842F001021A6006
:106D900007E07B681B681A687B681B6842F0010289
:106DA0001A60002318461037BD4680BD002C0140F4
:106DB000000400400008004080B586B000AF786055
:106DC00039607B68002B01D1012393E07B6893F845
:106DD0003D30DBB2002B06D17B68002283F83C20DB
:106DE0007868FBF76DF87B68022283F83D207B68AA
:106DF0001B689B687A68126823F4804323F00703BA
:106E000093607B681A687B6804331946104600F06B
:106E1000A1FB7B681B689B687B617B681B689B6927
:106E20003B617B681B681B6AFB603B681B687A6977
:106E300013437B613B6923F4407323F003033B61FD
:106E40003B689A683B689B691B0213433A6913438A
:106E50003B613B6923F4406323F00C033B613B69D6
:106E600023F4704323F0F0033B613B68DA683B682E
:106E7000DB691B0213433A6913433B613B681B699F
:106E80001A013B681B6A1B0313433A6913433B61B6
:106E9000FB6823F02203FB603B685A683B685B6930
:106EA0001B011343FA681343FB607B681B687A6914
:106EB0009A607B681B683A699A617B681B68FA680C
:106EC0001A627B68012283F846207B68012283F8DE
:106ED0003E207B68012283F83F207B68012283F8F3
:106EE00042207B68012283F843207B68012283F8DB
:106EF0003D20002318461837BD4680BD80B584B0BC
:106F000000AF786039607B6893F83E30FB737B6834
:106F100093F83F30BB737B6893F842307B737B6898
:106F200093F843303B733B68002B10D1FB7B012B64
:106F300002D17B7B012B01D0012369E07B68022217
:106F400083F83E207B68022283F8422031E03B68D0
:106F5000042B10D1BB7B012B02D13B7B012B01D039
:106F6000012355E07B68022283F83F207B680222E0
:106F700083F843201DE0FB7B012B08D1BB7B012B59
:106F800005D17B7B012B02D13B7B012B01D001235F
:106F90003EE07B68022283F83E207B68022283F871
:106FA0003F207B68022283F842207B68022283F81C
:106FB00043203B68002B03D03B68042B08D00FE034
:106FC0007B681B6801220021184600F04FFD16E087
:106FD0007B681B6801220421184600F047FD0EE083
:106FE0007B681B6801220021184600F03FFD7B688A
:106FF0001B6801220421184600F038FD00BF7B68A1
:107000001B681A687B681B6842F001021A60002343
:1070100018461037BD4680BD80B584B000AF78609B
:107020007B681B68DB68FB607B681B681B69BB6057
:10703000BB6803F00203002B20D0FB6803F00203BF
:10704000002B1BD07B681B686FF002021A617B6803
:1070500001221A777B681B689B6903F00303002BEE
:1070600003D0786800F05AFA05E0786800F04DFA2D
:10707000786800F05CFA7B6800221A77BB6803F03E
:107080000403002B20D0FB6803F00403002B1BD06B
:107090007B681B686FF004021A617B6802221A7712
:1070A0007B681B689B6903F44073002B03D07868EE
:1070B00000F034FA05E0786800F027FA786800F00C
:1070C00036FA7B6800221A77BB6803F00803002BAE
:1070D00020D0FB6803F00803002B1BD07B681B68E3
:1070E0006FF008021A617B6804221A777B681B68BC
:1070F000DB6903F00303002B03D0786800F00EFA7D
:1071000005E0786800F001FA786800F010FA7B6812
:1071100000221A77BB6803F01003002B20D0FB6815
:1071200003F01003002B1BD07B681B686FF010026C
:107130001A617B6808221A777B681B68DB6903F495
:107140004073002B03D0786800F0E8F905E0786818
:1071500000F0DBF9786800F0EAF97B6800221A7722
:10716000BB6803F00103002B0CD0FB6803F00103A4
:10717000002B07D07B681B686FF001021A617868EA
:10718000FAF74AFBBB6803F08003002B0CD0FB68C6
:1071900003F08003002B07D07B681B686FF0800230
:1071A0001A61786800F0EDFCBB6803F04003002B27
:1071B0000CD0FB6803F04003002B07D07B681B68F2
:1071C0006FF040021A61786800F0BAF9BB6803F00A
:1071D0002003002B0CD0FB6803F02003002B07D00A
:1071E0007B681B686FF020021A61786800F0C0FCB1
:1071F00000BF1037BD4680BD80B586B000AFF860D7
:10720000B9607A600023FB75FB6893F83C30012B72
:1072100001D10223AEE0FB68012283F83C207B68A9
:107220000C2B00F29F8001A252F823F0617200083B
:10723000657300086573000865730008A172000893
:10724000657300086573000865730008E372000841
:1072500065730008657300086573000823730008F0
:10726000FB681B68B968184600F0E2F9FB681B6808
:107270009A69FB681B6842F008029A61FB681B6808
:107280009A69FB681B6822F004029A61FB681B681C
:107290009969BB681A69FB681B680A439A6164E0D4
:1072A000FB681B68B968184600F028FAFB681B6881
:1072B0009A69FB681B6842F400629A61FB681B686C
:1072C0009A69FB681B6822F480629A61FB681B68FC
:1072D0009969BB681B691A02FB681B680A439A61BB
:1072E00043E0FB681B68B968184600F071FAFB6858
:1072F0001B68DA69FB681B6842F00802DA61FB6808
:107300001B68DA69FB681B6822F00402DA61FB681B
:107310001B68D969BB681A69FB681B680A43DA6194
:1073200023E0FB681B68B968184600F0BBFAFB68ED
:107330001B68DA69FB681B6842F40062DA61FB686B
:107340001B68DA69FB681B6822F48062DA61FB68FB
:107350001B68D969BB681B691A02FB681B680A4372
:10736000DA6102E00123FB7500BFFB68002283F8AD
:107370003C20FB7D18461837BD4680BD80B584B0E3
:1073800000AF786039600023FB737B6893F83C3072
:10739000012B01D10223B4E07B68012283F83C2059
:1073A0007B68022283F83D207B681B689B68BB607A
:1073B000BB6823F07703BB60BB6823F47F43BB60EB
:1073C0007B681B68BA689A603B681B68B3F5005F0E
:1073D0003ED0B3F5005F00F28780B3F5805F00F028
:1073E0008680B3F5805F7FD8702B1AD0702B7BD846
:1073F000602B50D0602B77D8502B3CD0502B73D8BB
:10740000402B58D0402B6FD8302B64D0302B6BD80A
:10741000202B60D0202B67D8002B5CD0102B5AD0AB
:1074200062E07B6818683B6899683B685A683B680B
:10743000DB6800F0FCFA7B681B689B68BB60BB687C
:1074400043F07703BB607B681B68BA689A604FE0C3
:107450007B6818683B6899683B685A683B68DB68DA
:1074600000F0E5FA7B681B689A687B681B6842F449
:1074700080429A603CE07B6818683B6859683B68CA
:10748000DB681A4600F05CFA7B681B6850211846DE
:1074900000F0B3FA2CE07B6818683B6859683B68D9
:1074A000DB681A4600F07AFA7B681B686021184690
:1074B00000F0A3FA1CE07B6818683B6859683B68D9
:1074C000DB681A4600F03CFA7B681B6840211846CE
:1074D00000F093FA0CE07B681A683B681B68194659
:1074E000104600F08AFA03E00123FB7300E000BFBE
:1074F0007B68012283F83D207B68002283F83C20D2
:10750000FB7B18461037BD4680BD80B483B000AF0A
:10751000786000BF0C37BD4680BC704780B483B034
:1075200000AF786000BF0C37BD4680BC704780B4A8
:1075300083B000AF786000BF0C37BD4680BC704799
:1075400080B483B000AF786000BF0C37BD4680BC0C
:107550007047000080B485B000AF786039607B6808
:107560001B68FB607B682F4A93420BD07B68B3F1AA
:10757000804F07D07B682C4A934203D07B682B4A0C
:10758000934208D1FB6823F07003FB603B685B68A3
:10759000FA681343FB607B68224A93420BD07B68F6
:1075A000B3F1804F07D07B681F4A934203D07B68BA
:1075B0001E4A934208D1FB6823F44073FB603B688A
:1075C000DB68FA681343FB60FB6823F080023B68CA
:1075D0005B691343FB607B68FA681A603B689A68D2
:1075E0007B68DA623B681A687B689A627B680D4A3E
:1075F000934203D13B681A697B681A637B68012256
:107600005A617B681B6903F00103002B05D07B687E
:107610001B6923F001027B681A6100BF1437BD4665
:1076200080BC7047002C014000040040000800406E
:1076300080B487B000AF786039607B681B6A7B617B
:107640007B681B6A23F001027B681A627B685B68B7
:107650003B617B689B69FB60FB6823F07003FB6008
:10766000FB6823F00303FB603B681B68FA68134365
:10767000FB607B6923F002037B613B689B687A694E
:1076800013437B617B681C4A93420CD17B6923F0D6
:1076900008037B613B68DB687A6913437B617B6924
:1076A00023F004037B617B68134A934211D13B6949
:1076B00023F480733B613B6923F400733B613B68B7
:1076C0005B693A6913433B613B689B693A691343C1
:1076D0003B617B683A695A607B68FA689A613B68EB
:1076E0005A687B685A637B687A691A6200BF1C37E4
:1076F000BD4680BC704700BF002C014080B487B0FD
:1077000000AF786039607B681B6A7B617B681B6AAD
:1077100023F010027B681A627B685B683B617B68C0
:107720009B69FB60FB6823F4E043FB60FB6823F488
:107730004073FB603B681B681B02FA681343FB60E5
:107740007B6923F020037B613B689B681B017A699E
:1077500013437B617B681D4A93420DD17B6923F003
:1077600080037B613B68DB681B017A6913437B61A3
:107770007B6923F040037B617B68144A934213D1F9
:107780003B6923F480633B613B6923F400633B6105
:107790003B685B699B003A6913433B613B689B69AB
:1077A0009B003A6913433B617B683A695A607B6886
:1077B000FA689A613B685A687B689A637B687A6961
:1077C0001A6200BF1C37BD4680BC7047002C0140C8
:1077D00080B487B000AF786039607B681B6A7B61DA
:1077E0007B681B6A23F480727B681A627B685B6823
:1077F0003B617B68DB69FB60FB6823F07003FB6027
:10780000FB6823F00303FB603B681B68FA681343C3
:10781000FB607B6923F400737B613B689B681B0200
:107820007A6913437B617B681D4A93420DD17B6962
:1078300023F400637B613B68DB681B027A691343B6
:107840007B617B6923F480637B617B68144A93428C
:1078500013D13B6923F480533B613B6923F400530C
:107860003B613B685B691B013A6913433B613B68C1
:107870009B691B013A6913433B617B683A695A6013
:107880007B68FA68DA613B685A687B68DA637B6810
:107890007A691A6200BF1C37BD4680BC704700BFC2
:1078A000002C014080B487B000AF786039607B68FD
:1078B0001B6A3B617B681B6A23F480527B681A62F7
:1078C0007B685B687B617B68DB69FB60FB6823F43A
:1078D000E043FB60FB6823F44073FB603B681B687C
:1078E0001B02FA681343FB603B6923F400533B61BE
:1078F0003B689B681B033A6913433B617B680F4AF3
:10790000934209D17B6923F480437B613B685B69C7
:107910009B017A6913437B617B687A695A607B6853
:10792000FA68DA613B685A687B681A647B683A696E
:107930001A6200BF1C37BD4680BC7047002C014056
:1079400080B487B000AFF860B9607A60FB681B6AEA
:107950007B61FB681B6A23F00102FB681A62FB680B
:107960009B693B613B6923F0F0033B617B681B0132
:107970003A6913433B617B6923F00A037B617A69AF
:10798000BB6813437B61FB683A699A61FB687A695B
:107990001A6200BF1C37BD4680BC704780B487B0F8
:1079A00000AFF860B9607A60FB681B6A7B61FB68B6
:1079B0001B6A23F01002FB681A62FB689B693B613B
:1079C0003B6923F470433B617B681B033A691343B3
:1079D0003B617B6923F0A0037B61BB681B017A6973
:1079E00013437B61FB683A699A61FB687A691A62A2
:1079F00000BF1C37BD4680BC704780B485B000AF67
:107A0000786039607B689B68FB60FB6823F07003DB
:107A1000FB603A68FB68134343F00703FB607B6835
:107A2000FA689A6000BF1437BD4680BC704780B4C6
:107A300087B000AFF860B9607A603B60FB689B6814
:107A40007B617B6923F47F437B613B681A027B681F
:107A50001A43BB6813437A6913437B61FB687A69F5
:107A60009A6000BF1C37BD4680BC704780B487B0A9
:107A700000AFF860B9607A60BB6803F01F030122B1
:107A800002FA03F37B61FB681A6A7B69DB431A40E5
:107A9000FB681A62FB681A6ABB6803F01F03796807
:107AA00001FA03F31A43FB681A6200BF1C37BD4694
:107AB00080BC704780B485B000AF786039607B6867
:107AC00093F83C30012B01D1022346E07B68012270
:107AD00083F83C207B68022283F83D207B681B688A
:107AE0005B68FB607B681B689B68BB60FB6823F07E
:107AF0007003FB603B681B68FA681343FB607B689C
:107B00001B68FA685A607B681B68164A93420ED05D
:107B10007B681B68B3F1804F09D07B681B68124AF1
:107B2000934204D07B681B68104A93420CD1BB6817
:107B300023F08003BB603B685B68BA681343BB609B
:107B40007B681B68BA689A607B68012283F83D20D5
:107B50007B68002283F83C20002318461437BD467A
:107B600080BC7047002C0140000400400008004029
:107B700080B483B000AF786000BF0C37BD4680BCD6
:107B8000704780B483B000AF786000BF0C37BD464B
:107B900080BC704780B582B000AF78607B68002BF6
:107BA00001D1012342E07B6893F84130DBB2002B26
:107BB00006D17B68002283F840207868FAF788FABB
:107BC0007B68242283F841207B681B68DA687B6825
:107BD0001B6822F40052DA60786800F0B7FD7B6819
:107BE0001B681A697B681B6822F490421A617B68E3
:107BF0001B685A697B681B6822F02A025A617B68FD
:107C00001B68DA687B681B6842F40052DA607B68A4
:107C100000225A647B68202283F841207B6820225E
:107C200083F842207B6800225A63002318460837F5
:107C3000BD4680BD80B58AB002AFF860B9603B60D8
:107C40001346FB8000237B61FB6893F84130DBB275
:107C5000202B75D1BB68002B02D0FB88002B01D1F3
:107C600001236EE0FB6800225A64FB68212283F83E
:107C70004120FCF70DFF7861FB68FA889A84FB6865
:107C8000FA88DA84FB689B68B3F5805F08D1FB68EB
:107C90001B69002B04D10023FB61BB68BB6103E0BF
:107CA000BB68FB610023BB612EE03B6800937B69EE
:107CB00000228021F86800F01CFB0346002B05D051
:107CC000FB68202283F8412003233AE0FB69002B64
:107CD0000BD1BB691B881A46FB681B68C2F30802FC
:107CE0005A60BB690233BB6107E0FB691A78FB6825
:107CF0001B685A60FB690133FB61FB68DB8C9BB23C
:107D0000013B9AB2FB68DA84FB68DB8C9BB2002BE8
:107D1000CBD13B6800937B6900224021F86800F0DA
:107D2000E8FA0346002B05D0FB68202283F84120A7
:107D3000032306E0FB68202283F84120002300E0B3
:107D4000022318462037BD4680BD80B584B000AF01
:107D5000F860B9601346FB80FB6893F84230DBB2F1
:107D6000202B12D1BB68002B02D0FB88002B01D145
:107D700001230BE0FB6800221A63FB881A46B968EE
:107D8000F86800F00FFB034600E0022318461037A6
:107D9000BD4680BD80B5BAB000AF78607B681B6817
:107DA0001B68C7F8E4307B681B68DB68C7F8E03005
:107DB0007B681B685B69C7F8DC300023C7F8D830E4
:107DC0000023C7F8D430D7F8E43003F00F03C7F826
:107DD000D830D7F8D830002B0FD1D7F8E43003F0E3
:107DE0002003002B09D0D7F8E03003F02003002B4C
:107DF00003D0786800F0ECFB5BE2D7F8D830002BBA
:107E000000F0DE80D7F8DC3003F00103002B06D150
:107E1000D7F8E03003F49073002B00F0D180D7F84E
:107E2000E43003F00103002B0BD0D7F8E03003F46B
:107E30008073002B05D07B685B6C43F001027B688C
:107E40005A64D7F8E43003F00403002B0BD0D7F8C2
:107E5000DC3003F00103002B05D07B685B6C43F042
:107E600002027B685A64D7F8E43003F00203002B67
:107E70000BD0D7F8DC3003F00103002B05D07B6872
:107E80005B6C43F004027B685A64D7F8E43003F07B
:107E90000803002B11D0D7F8E03003F02003002BAB
:107EA00005D1D7F8DC3003F00103002B05D07B6847
:107EB0005B6C43F008027B685A647B685B6C002B48
:107EC00000F0F281D7F8E43003F02003002B08D053
:107ED000D7F8E03003F02003002B02D0786800F0E0
:107EE00077FB7B681B685B6903F04003002B14BFC2
:107EF00001230023DBB2C7F8D4307B685B6C03F04E
:107F00000803002B03D1D7F8D430002B4FD078686A
:107F100000F081FA7B681B685B6903F04003002B6B
:107F200041D07B681B681433C7F89C30D7F89C306D
:107F300053E8003FC7F89830D7F8983023F0400353
:107F4000C7F8D0307B681B681433D7F8D020C7F847
:107F5000A820C7F8A430D7F8A410D7F8A82041E883
:107F60000023C7F8A030D7F8A030002BD9D17B6808
:107F7000DB6B002B13D07B68DB6B7E4A5A637B681C
:107F8000DB6B1846FCF7FAFE0346002B16D07B6825
:107F9000DB6B5B6B7A68D26B104698470EE07868B3
:107FA00000F093F90AE0786800F08FF906E078684D
:107FB00000F08BF97B6800225A6475E100BF73E121
:107FC0007B681B6B012B40F04F81D7F8E43003F046
:107FD0001003002B00F04881D7F8E03003F01003C5
:107FE000002B00F041810023BB607B681B681B688D
:107FF000BB607B681B685B68BB60BB687B681B6899
:108000005B6903F04003002B00F0B6807B68DB6BFC
:108010001B685B68A7F8BE30B7F8BE30002B00F0D5
:1080200045817B689B8DB7F8BE209A4280F03E81E7
:108030007B68B7F8BE20DA857B68DB6B9B69202BF9
:1080400000F088807B681B680C33C7F88830D7F84D
:10805000883053E8003FC7F88430D7F8843023F4E1
:108060008073C7F8B8307B681B680C33D7F8B8202A
:10807000C7F89420C7F89030D7F89010D7F894201C
:1080800041E80023C7F88C30D7F88C30002BD9D1C9
:108090007B681B6814337B677B6F53E8003F3B674B
:1080A0003B6F23F00103C7F8B4307B681B681433BF
:1080B000D7F8B420C7F88020FB67F96FD7F8802085
:1080C00041E80023BB67BB6F002BE1D17B681B68D5
:1080D00014333B663B6E53E8003FFB65FB6D23F0BA
:1080E0004003C7F8B0307B681B681433D7F8B02062
:1080F000FA66BB66B96EFA6E41E800237B667B6E5A
:10810000002BE3D17B68202283F842207B68002289
:108110001A637B681B680C33FB64FB6C53E8003FFD
:10812000BB64BB6C23F01003C7F8AC307B681B68E2
:108130000C33D7F8AC20BA657B65796DBA6D41E830
:1081400000233B653B6D002BE3D17B68DB6B18465E
:10815000FCF7D9FD7B6802225A637B689A8D7B68A5
:10816000DB8D9BB2D31A9BB21946786800F0B6F843
:108170009CE000BFDB8400087B689A8D7B68DB8D08
:108180009BB2D31AA7F8CE307B68DB8D9BB2002B55
:1081900000F08E80B7F8CE30002B00F089807B682D
:1081A0001B680C33BB63BB6B53E8003F7B637B6B8B
:1081B00023F49073C7F8C8307B681B680C33D7F87A
:1081C000C8207A643B64396C7A6C41E80023FB6315
:1081D000FB6B002BE3D17B681B6814337B627B6AEB
:1081E00053E8003F3B623B6A23F00103C7F8C43009
:1081F0007B681B681433D7F8C4203A63FB62F96AC2
:108200003A6B41E80023BB62BB6A002BE3D17B6879
:10821000202283F842207B6800221A637B681B6857
:108220000C333B613B6953E8003FFB60FB6823F084
:108230001003C7F8C0307B681B680C33D7F8C02028
:10824000FA61BB61B969FA6941E800237B617B6926
:10825000002BE3D17B6802225A63B7F8CE3019466F
:10826000786800F03BF823E0D7F8E43003F08003AF
:10827000002B09D0D7F8E03003F08003002B03D0A7
:10828000786800F03EF914E0D7F8E43003F04003DA
:10829000002B0ED0D7F8E03003F04003002B08D0BD
:1082A000786800F07DF904E000BF02E000BF00E064
:1082B00000BFE837BD4680BD80B483B000AF7860B2
:1082C00000BF0C37BD4680BC704780B483B000AFA0
:1082D000786000BF0C37BD4680BC704780B483B067
:1082E00000AF78600B467B8000BF0C37BD4680BC7A
:1082F000704780B586B000AFF860B9603B60134648
:10830000FB713BE03B6AB3F1FF3F37D0FCF7C0FBAA
:1083100002463B68D31A3A6A9A4202D33B6A002B60
:1083200001D103233AE0FB681B68DB6803F0040318
:10833000002B23D0BB68802B20D0BB68402B1DD0E6
:10834000FB681B681B6803F00803082B16D1002389
:108350007B61FB681B681B687B61FB681B685B6853
:108360007B617B69F86800F056F8FB6808225A6464
:10837000FB68002283F8402001230FE0FB681B68A4
:108380001A68BB681340BA689A420CBF01230023E5
:10839000DBB21A46FB799A42B4D00023184618374C
:1083A000BD4680BD80B485B000AFF860B9601346AB
:1083B000FB80FB68BA689A62FB68FA889A85FB685A
:1083C000FA88DA85FB6800225A64FB68222283F867
:1083D0004220FB681B69002B07D0FB681B68DA682A
:1083E000FB681B6842F48072DA60FB681B685A699C
:1083F000FB681B6842F001025A61FB681B68DA687F
:10840000FB681B6842F02002DA600023184614372C
:10841000BD4680BC704780B495B000AF78607B6883
:108420001B680C337B637B6B53E8003F3B633B6B08
:1084300023F49073FB647B681B680C33FA6C3A641A
:10844000FB63F96B3A6C41E80023BB63BB6B002B09
:10845000E5D17B681B6814333B623B6A53E8003FFD
:10846000FB61FB6923F00103BB647B681B68143369
:10847000BA6CFA62BB62B96AFA6A41E800237B62AD
:108480007B6A002BE5D17B681B6B012B19D17B68C4
:108490001B680C33FB60FB6853E8003FBB60BB68A4
:1084A00023F010037B647B681B680C337A6CBA6121
:1084B0007B617969BA6941E800233B613B69002B24
:1084C000E5D17B68202283F842207B6800221A6372
:1084D00000BF5437BD4680BC704780B584B000AF44
:1084E00078607B685B6AFB60FB680022DA85FB686A
:1084F0000022DA84F868FFF7E8FE00BF1037BD46B7
:1085000080BD80B485B000AF78607B6893F841305F
:10851000DBB2212B3ED17B689B68B3F5805F14D121
:108520007B681B69002B10D17B681B6AFB60FB68B2
:108530001B881A467B681B68C2F308025A607B6876
:108540001B6A9A1C7B681A6208E07B681B6A591CCC
:108550007A6811621A787B681B685A607B68DB8CCA
:108560009BB2013B9BB27A681946D184002B0FD194
:108570007B681B68DA687B681B6822F08002DA601F
:108580007B681B68DA687B681B6842F04002DA602F
:10859000002300E0022318461437BD4680BC704714
:1085A00080B582B000AF78607B681B68DA687B6852
:1085B0001B6822F04002DA607B68202283F84120A9
:1085C0007868FFF779FE002318460837BD4680BD5E
:1085D00080B58CB000AF78607B6893F84230DBB236
:1085E000222B40F0AE807B689B68B3F5805F17D18B
:1085F0007B681B69002B13D10023FB627B689B6A9D
:10860000BB627B681B685B689BB2C3F308039AB2CA
:10861000BB6A1A807B689B6A9A1C7B689A6226E018
:108620007B689B6AFB620023BB627B689B68B3F537
:10863000805F07D07B689B68002B0AD17B681B6931
:10864000002B06D17B681B685B68DAB2FB6A1A7084
:1086500008E07B681B685B68DBB203F07F03DAB27B
:10866000FB6A1A707B689B6A5A1C7B689A627B68FB
:10867000DB8D9BB2013B9BB27A681946D185002BFA
:108680005DD17B681B68DA687B681B6822F020027A
:10869000DA607B681B68DA687B681B6822F480728A
:1086A000DA607B681B685A697B681B6822F00102EC
:1086B0005A617B68202283F842207B6800225A633B
:1086C0007B681B6B012B35D17B6800221A637B68AA
:1086D0001B680C337B617B6953E8003F3B613B695E
:1086E00023F010037B627B681B680C337A6A3A6262
:1086F000FB61F9693A6A41E80023BB61BB69002B61
:10870000E5D17B681B681B6803F01003102B0AD1AE
:108710000023FB607B681B681B68FB607B681B6831
:108720005B68FB60FB687B689B8D19467868FFF788
:10873000D5FD02E07868F9F717F8002302E000237E
:1087400000E0022318463037BD4680BD80B584B0B6
:1087500000AF78607B681B681B6923F440517B681D
:10876000DA687B681B680A431A617B689A687B68D1
:108770001B691A437B685B691343BB607B681B689A
:10878000DB6823F4B05323F00C037A681268B968ED
:108790000B43D3607B681B685B6923F440717B6883
:1087A0009A697B681B680A435A617B681B682C4A7C
:1087B000934203D1FEF73AF9F86002E0FEF722F99E
:1087C000F860FA6813469B0013449A001A447B68C9
:1087D0005B689B00B2FBF3F3224AA2FB03235B0915
:1087E0001901FA6813469B0013449A001A447B68E7
:1087F0005B689B00B2FBF3F21A4BA3FB02035B091D
:10880000642000FB03F3D31A1B013233154AA2FB89
:1088100003235B0903F0F0031944FA6813469B0035
:1088200013449A001A447B685B689B00B2FBF3F226
:108830000C4BA3FB02035B09642000FB03F3D31A78
:108840001B013233074AA2FB03235B0903F00F022B
:108850007B681B680A449A6000BF1037BD4680BD24
:10886000003801401F85EB51002100F0F9BD2DE9D2
:10887000F0410F46904603F0DBFA04460D46B8F18E
:10888000000F11D0C7F30A53C3F16B03002B0BDDAC
:1088900000241B0503F17F5505F5401522462B46A4
:1088A000F7F71AFE04460D4620462946BDE8F0813A
:1088B0002DE9F04F9FB0179200220C461A924FF00C
:1088C000000A4FF0000B0A460590199211782B29E7
:1088D00048D036D80D2930D8082930D8002939D0C9
:1088E00000220B92199D2A78302A40F0B1806A78D4
:1088F00002F0DF02582A6CD102930B9B8E4A01933F
:108900001AAB009305981BAB19A902F085FB10F078
:108910000F06044605D0062E26D1002301351995F1
:108920000B93179B002B40F084850B9BBBB15046EB
:108930000BF100411FB0BDE8F08F2029D0D10132EA
:10894000C3E72D29CCD101210B91511C19915278EB
:10895000002AC7D1179B1994002B40F06885504618
:108960005946E7E70021EFE71A9A3AB135211CA8EA
:1089700003F04EFB1A99059802F028FF013E1B9A5E
:10898000042E06D8DFE806F014031D201400DDE9EC
:108990001CABE10548BF4BF0004B2BF000431B0D17
:1089A0001B05002BBDD101F0C1FB22230360B8E7FA
:1089B00002F23342DDE91CA323F4801343EA025B95
:1089C000E7E7DFF878B1E4E76FF0004B4FF0FF3AEC
:1089D000DFE7199B5A1C19925B78302BF9D0002BDA
:1089E0009FD001230993199B0A220C9300231F4651
:1089F00008930A9319980578A5F13003D9B209298B
:108A000028D901224E4901F0C2FA002832D00020B4
:108A10002A4681463D460346652A01D0452A14D19F
:108A20001DB9099A024395D00025199C621C199220
:108A300062782B2A77D02D2A7BD04FF0000CA2F140
:108A40003001092940F2828019944FF00008A2E019
:108A50000023C7E7082FD5BF0A99089902FB013305
:108A600002FB013300F10100D4BF0A9308930137E0
:108A70001990BFE7199B5A1C19925A787FB3814607
:108A80003D46A2F13003092B12D90123C4E7199BFB
:108A900001305A1C19925A78302AF8D0A2F13103C9
:108AA000082B00F2CB84814600200546199B0C93CD
:108AB000303A00F101032AD099440A212B4600EBF9
:108AC000050C63450DD1691C01442844082816DCB7
:108AD0000A230A9803FB00230A93002318E0384670
:108AE000DAE7082B03F1010303DC0A9E4E430A96E2
:108AF000E7E7102BDEBF089E4E430896E1E70F28FC
:108B0000EBDC0A23089803FB00230893E5E72946DA
:108B1000199A0D46501C199052781846B1E74FF03B
:108B2000000901237DE74FF0000CA21C1992A278E6
:108B300085E74FF0010CF8E7D8DA00080000F07F75
:108B4000C2DA0008199A511C19915278302AF9D0CA
:108B5000A2F1310108293FF678AF4FF00A08303A08
:108B60000E92199A0F92199A561C19965278A2F1E0
:108B7000300EBEF1090F39D90F9944F61F68761AE5
:108B8000082E03DC0E998845A8BF8846BCF1000F6B
:108B900001D0C8F10008002D4ED1099908437FF497
:108BA000C0AE002B7FF4D6AE692A28D025DC492A36
:108BB00025D04E2A7FF4CEAE9A4919A802F04EFC79
:108BC00000283FF4C7AE199B1B78282B2ED196495D
:108BD0001CAA19A802F056FC052827D11D9BDDF818
:108BE00070A043F0FF4B4BF4E00B9AE60E9908FBA4
:108BF0000121A1F130020E92B5E76E2ADAE78B4926
:108C000019A802F02BFC00283FF4A4AE199B884958
:108C1000013B19A8199302F021FC10B9199B0133EB
:108C200019934FF0000ADFF80CB27AE6824801F09F
:108C3000CFFA82468B4674E6A8EB0903002F08BFE3
:108C40002F460A98102D2C460993A8BF1024F7F739
:108C5000C9FB092D82468B4611DC099B002B3FF492
:108C600060AE099B76DD162B5DDC7449524601EB44
:108C7000C3015B46D1E90001F7F72EFCD9E76F4B42
:108C800003EBC40353E91223F7F726FC8246089846
:108C90008B46F7F7A7FB02460B4650465946F7F7B7
:108CA00065FA0F2D82468B46D7DD099B2C1B1C4491
:108CB000002C40F3968014F00F030AD05F4952460F
:108CC00001EBC301D1E900015B46F7F705FC8246E1
:108CD0008B4634F00F0473D0B4F59A7F48DD00243E
:108CE000A046A1460A9422234FF0000A059ADFF815
:108CF00044B113600A9B002B3FF413AE1A990598F8
:108D000002F064FD4946059802F060FD4146059871
:108D100002F05CFD0A99059802F058FD214605987D
:108D200002F054FDFDE5099AC5F125039342BCDB31
:108D3000424CC5F10F0504EBC5015246D1E90001D3
:108D40005B46F7F7C9FB099B5D1B04EBC504D4E93F
:108D5000002391E71633A8DB384BA9EB080803EB97
:108D6000C8085046D8E900235946F7F7DFFC60E70A
:108D7000334B50460893002359461E462411012CBC
:108D800021DC0BB182468B462D49ABF1547B01EBC4
:108D9000C6015246D1E900015B46F7F79DFB254B22
:108DA0000A460B40274982468B4298D8A1F580118C
:108DB0008B4286BF4FF0FF3ADFF88CB002F1547B54
:108DC000002308937AE0E20705D5089BD3E9002346
:108DD000F7F782FB0123089A0136083264100892E3
:108DE000CDE7EDD0644214F00F020AD0134B504689
:108DF00003EBC2035946D3E90023F7F797FC8246F9
:108E00008B462411DCD01F2C20DD0024A046A14677
:108E10000A942223059A4FF0000A4FF0000B1360CA
:108E200068E700BF25DB0008C4DA00081DDB000886
:108E300004DC00080000F07F00DC000868DD0008AA
:108E400040DD00080000A07CFFFFEF7F14F010035E
:108E500018BF6A235046089359460023A94EE207DB
:108E600004D5D6E90023F7F737FB0123641006F198
:108E70000806F4D10BB182468B46089BB3B1CBF305
:108E80000A52C2F16B03002B59460FDD1F2B57DD31
:108E9000342BD8BF4FF0FF334FF0000ACFBF4FF055
:108EA0005C7BC2F14B02934003EA010B00220023DA
:108EB00050465946F7F778FD0028A6D10A9B3A4656
:108EC00000930C992B46059802F0E8FC0A900028C4
:108ED0003FF405AF0024099AA9EB0803002AA8BFB4
:108EE0000023A046129322EAE27316930A9B059888
:108EF000596802F02BFC814600283FF4F4AE0A9B2F
:108F00000C301A6903F10C010232920001F051F9A0
:108F10001CAB01931BAB009352465B460598CDE911
:108F20000CAB02F0EDFF1A9000283FF4DCAE0121FB
:108F3000059802F049FD804648B94FF00008D2E696
:108F40004FF0FF3202FA03F303EA0A0AAEE71B9D71
:108F50001C9A002DABBF129B169BEF185E1B089B43
:108F6000A8BF169EA5EB03051544674B05F1FF3519
:108F7000B8BF129F9D42C2F1360250DA5B1B1F2B15
:108F80004FF00101A2EB03023DDC01FA03F313935E
:108F900000231093BD18089BAF4216441E443B4665
:108FA000A8BF2B46B342A8BF3346002BC2BFED1A61
:108FB000F61AFF1A129B002B16DD41461A46059839
:108FC00002F0C0FD80460028B7D001461A9A0598E5
:108FD00002F010FD0E9000283FF485AE1A99059816
:108FE00002F0F4FB0E9B1A93002D1DDC099B002B55
:108FF00023DD4946169A059802F0A4FD8146E0B9A2
:109000004FF000096FE6C5F17F4505F57F0505F5D1
:109010007B45E23501FA05F310931391BAE700237B
:10902000109301231393B5E72A461A99059802F085
:10903000E3FD1A900028D9D155E6002E07DD4946F8
:109040003246059802F0D8FD81460028D8D0002F7E
:1090500008DD41463A46059802F0CEFD80460028DC
:109060003FF441AE4A461A99059802F04DFE044677
:1090700000283FF438AEC36841460F930023C36015
:1090800002F026FE002845DA0F9B53EA0A036BD153
:10909000CBF31303002B67D12BF000431B0D1B05F3
:1090A000B3F1D66F60D9636913B92369012B5BDD16
:1090B00021460122059802F09FFD4146044602F038
:1090C00007FE002850DD2BF00043089A1B0D1B05FE
:1090D000002A6AD0B3F1D66F67D8B3F15C7F7FF610
:1090E00098AE50465946094B0022F7F7F5F9084B60
:1090F00082460B408B46002B7FF400AE2223059A5C
:109100001360FBE5F0DA000802FCFFFF00005039B5
:109110000000F07FCDF838B065D10F9ACBF3130380
:109120005AB3994A93422BD1089B514603B35A46EE
:10913000964B1340B3F1D46F4FF0FF321BD81B0D89
:10914000C3F16B0302FA03F3994219D1904B0E9AC3
:109150009A4202D101313FF4C6AD4FF0000A8B4B69
:109160000E9A1A4002F5801B089B002BB9D1C5E569
:109170004FF0FF33E8E71346E6E753EA0A03A2D0CD
:10918000109BDBB10E9A1342EED00F9B504659460E
:10919000089ABBB1FFF76BFB02460B46DDE90C01F9
:1091A000F6F7E4FF82468B46DEE7A3F580136FEA0D
:1091B000135B4FF0FF3A6FEA0B5BD5E7139B13EAA3
:1091C0000A0FE1E7FFF753FB02460B46DDE90C010E
:1091D000F6F7CAFF0022002382468B46F7F7E4FB2E
:1091E0000028C1D015E64146204602F0E1FE0022EB
:1091F0004FF0804306460F46F7F7EAFB00286DD094
:109200000F9B002B78D1BAF1000F56D10E9BC3F300
:109210001303002B58D10022304639465D4BF7F737
:10922000CDFB002857D13046394600225A4BF7F77C
:1092300053F906460F4607F1004306960793DDE90A
:109240000623524DCDE910230E9B1D40534B9D42EA
:1092500040F0AA800E9B5046A3F1547B594602F081
:10926000E7FDDDE90623F7F737F952465B46F6F7E7
:109270007DFF0B4645494A4A19409142824642D9F0
:109280000D9A434B9A4203D10C9B01333FF42BAD13
:109290004FF0FF3ADFF8F8B01A99059802F096FA05
:1092A0004946059802F092FA4146059802F08EFA76
:1092B0002146059802F08AFA18E6BAF1010F03D1A7
:1092C0000E9B002B3FF4A5AD0022364B0026CDE9C6
:1092D0000623304FB3E700262F4FACE73046394620
:1092E0002D4B0022F7F7F8F80F9B06460F46002B90
:1092F000A1D0CDE90667A2E70022264B16461F46FD
:10930000CDE906239BE703F1547B089BCDF838B0E9
:10931000002BC1D12BF000431B0D1B059D42BBD17F
:1093200030463946F7F73AFFF7F7A8F802460B46FA
:1093300030463946F6F718FF0B460246CBF31306C4
:10934000CDE90C230F9B46EA0A061E4369D00AA307
:10935000D3E90023F7F732FB00287FF4CFAC08A352
:10936000D3E90023DDE90C01F7F746FB002893D091
:10937000C4E400BFAFF300809535A094FFFFDF3F4A
:1093800035E5AF350000E03FFFFF0F000000F07F44
:10939000FFFFEF7F0000F03F0000E03F0000E07FB4
:1093A000FFFF9F7C0000F0BF089B23B3B5F1D46F93
:1093B00021D827A3D3E9002330463946F7F708FB25
:1093C000A0B139463046F7F75FFB012838BF0120CE
:1093D000F7F708F80F9B06460F46FBB901F100436B
:1093E00014901593DDE91423CDE91023119B03F1AB
:1093F000D6635B1B1193DDE90C01DDE910AB02F0D4
:1094000017FD02460B4650465946F7F765F8DDE969
:109410000C23F6F7ABFE82468B4676E7CDE9146760
:10942000E0E70DA3D3E90023F7F7C8FA9EE700238E
:109430000B93199B179A1360FFF777BA652A3FF4CD
:109440006EAB452A3FF46BAB0123FFF7A6BB00BF11
:109450000000C0FFFFFFDF419535A094FFFFCF3F25
:109460000A4601460248034B0068FFF721BA00BFD5
:10947000B001002044000020002B2DE9F0471D46DC
:10948000BBBF03F100431D4600232D2388B01446C3
:10949000B8BF1446129A109E1370149BDDF84CA0AE
:1094A00023F02008B8F1460F05D0B8F1450F00D1E0
:1094B0000136022300E0032307AA049206AACDE99D
:1094C00002A2CDE9003622462B4600F02DFFB8F16E
:1094D000470F074619D1119BDB070ED500EB060994
:1094E0000022002320462946F7F75EFA08B1CDF89E
:1094F0001C903022079B4B451ED33846079B159A7C
:10950000DB1B136008B0BDE8F087B8F1460F00EB35
:109510000609E5D10378302B0AD10022002320462A
:109520002946F7F741FA18B9C6F10106CAF80060F2
:10953000DAF800309944D3E7591C07911A70D9E73B
:10954000F7B50029B6BF2D232B2349420929027004
:10955000437029DD0DF107031D460A27B1FBF7F61D
:109560001A4607FB1614303402F8014C0C46632CE3
:10957000314603F1FF33F1DC3031941E03F8011C56
:109580002346411CAB420AD30DF109039B1AAC429E
:1095900088BF002302330344181A03B0F0BD13F848
:1095A000016B01F8016FEDE7302330318370C1703A
:1095B000031DF1E72DE9F04F91B00C46DDF868800E
:1095C00016461F46054600F067FD036818460893D7
:1095D000F6F7BEFD00230E93D8F80030099007334C
:1095E00023F0070303F1080294F818A0D4F800B0A0
:1095F000C8F80020D3E9008929F000430B93CDF887
:1096000028804FF0FF32DDE90A01C4E912899C4B42
:10961000F7F7FCF970BBDDE90A014FF0FF32984B18
:10962000F7F7D6F930BB0022002340464946F7F74A
:10963000C5F910B12D2384F84330924A924BBAF108
:10964000470F94BF9046984603234FF000092361CB
:109650002BF00403236033462146284600970FAAC7
:1096600000F0D4F9013040F090804FF0FF3011B09D
:10967000BDE8F08F42464B4640464946F7F7C6F9EB
:1096800048B14B46002BB8BF2D23804AB8BF84F8A1
:1096900043307F4BD3E763680AF0DF015A1C3FD1A8
:1096A0000623636000224BF48063236006920EAAB7
:1096B000CDE904A20DAA03920DF13302CDE90132E6
:1096C00063684246009328464B460A91FFF7D4FE52
:1096D0000A99804647290D9928D1C81C02DB636886
:1096E000994240DDAAF1020A5FFA8AFA524601392C
:1096F00004F150000D91FFF723FF0E9A81461318D5
:10970000012A236102DC2268D20701D501332361DB
:109710009DF83330002B9ED02D2384F843309AE7F8
:109720004729BFD1002BBDD10123BAE7BAF1650F9C
:10973000DCD9BAF1660F18D1002963680BDD21610D
:1097400013B92268D00702D501330B4423614FF0CF
:109750000009A165DCE713B92268D20701D50233FD
:10976000F4E70123F2E74FF0670A0E9B994205DB0D
:1097700023682161D807EAD54B1CE7E70029CCBF55
:109780000122C1F102021344E0E723685A0507D41D
:109790002369424631462846B84701302BD164E759
:1097A000BAF1650F40F2DC80D4E9120100220023F7
:1097B000F7F7FAF8002833D0012331462846354A16
:1097C000B84701303FF451AFDDE90D38434502DBC6
:1097D0002368D8070FD5DDE9082331462846B84766
:1097E00001303FF442AF4FF0000908F1FF3804F1B7
:1097F0001A0AC84509DC23689B0700F10281E0686A
:109800000F9B9842B8BF184631E7012352463146B4
:109810002846B84701303FF428AF09F10109E8E7CD
:109820000D9B002B38DC012331462846194AB847E6
:1098300001303FF41AAFDDE90D3959EA030302D1D3
:109840002368D907D7D5DDE9082331462846B8472C
:1098500001303FF40AAF4FF0000A04F11A0B0D9BE0
:109860005B42534501DC4B4693E701235A463146A0
:109870002846B84701303FF4F8AE0AF1010AEEE796
:10988000FFFFEF7F18DB00081CDB000820DB00086F
:1098900024DB000828DB0008A36DDDF838A0534561
:1098A000A8BF5346002B994636DC4FF0000B29EA3F
:1098B000E97904F11A02A36D0A93A3EB09035B454E
:1098C00031DC0D9B9A453ADC2368DA0737D40D9BCF
:1098D000AAEB03090A9BAAEB03039945A8BF994683
:1098E000B9F1000F33DC4FF0000829EAE97904F1FF
:1098F0001A0B0D9BAAEB0303A3EB090343457FF768
:109900007AAF01235A4631462846B84701303FF422
:10991000ACAE08F10108ECE7424631462846B847AC
:109920000130C2D1A1E60123314628460A92B84748
:1099300001303FF49AAE0A9A0BF1010BBBE73146B6
:10994000DDE908232846B8470130C0D18DE60A9AE0
:109950004B46314628464244B8470130C3D184E6DD
:10996000DDF838A0BAF1010F01DCDB0736D50123A1
:10997000424631462846B84701303FF476AEDDE92D
:10998000082331462846B84701303FF46EAED4E98B
:109990001201002200230AF1FF3AF7F705F8C0B9D7
:1099A000534608F1010231462846B84701300CD130
:1099B0005BE601235A4631462846B84701303FF45A
:1099C00054AE08F10108D045F3DB4B4604F15002D8
:1099D000E0E64FF0000804F11A0BF4E701234246D9
:1099E000E1E701234A4631462846B84701303FF4B3
:1099F0003CAE08F10108E3680F995B1A4345F0DCBF
:109A0000FDE64FF0000804F11909F4E72DE9F047ED
:109A1000164698468A680B6907469342B8BF1346B4
:109A2000336091F843200C46DDF820900AB10133F1
:109A300033602368990642BF336802333360256878
:109A400015F0060506D104F1190AE36832689B1A7D
:109A5000AB422BDC94F843302268003B18BF012353
:109A6000920630D44146384604F14302C8470130DB
:109A700023D02368226903F00603042B14BF0025BA
:109A800033684FF0000608BFE56804F11A0408BF08
:109A9000ED1A54F8123C08BF25EAE5759342C4BF9D
:109AA0009B1AED18B5421AD1002008E00123524656
:109AB00041463846C847013003D14FF0FF30BDE87A
:109AC000F0870135C1E73020E11881F843005A1CC6
:109AD00094F845102244023382F84310C2E7012370
:109AE000224641463846C8470130E6D00136D9E71C
:109AF0002DE9FF470F7E9146782F80460C469A4607
:109B00000C9E01F1430207D8622F0AD8002F00F003
:109B1000D380582F00F0BA8004F1420684F84270D6
:109B20003AE0A7F16303152BF6D801A151F823F011
:109B3000899B00089D9B0008199B0008199B000841
:109B4000199B0008199B00089D9B0008199B0008A1
:109B5000199B0008199B0008199B00089F9C00088E
:109B6000C79B0008599C0008199B0008199B000816
:109B7000C19C0008199B0008C79B0008199B00089E
:109B8000199B0008619C000833681A1D1B6832602D
:109B900004F1420684F8423001239EE033682068D5
:109BA000191D3160060601D51D6803E04506FBD589
:109BB000B3F90050002D03DA2D236D4284F84330B1
:109BC0000A23594811E021683368080653F8045BFA
:109BD00002D4490648BFADB26F2F336014BF0A23C9
:109BE00008235148002184F843106668002EA8BF5E
:109BF0002168A660A4BF21F0040121600DB9002EE8
:109C00004BD01646B5FBF3F103FB1157C75D06F8C1
:109C1000017D2F46BB420D46F4D9082B0BD123689A
:109C2000DF0708D5236961689942DEBF302306F853
:109C3000013C06F1FF36921B22614B46214640460D
:109C4000CDF800A003AAFFF7E1FE01304AD14FF0A2
:109C5000FF3004B0BDE8F087236843F020032360A1
:109C60007827324884F84570236831681F0651F818
:109C7000045B02D45F0648BFADB23160D90744BF70
:109C800043F0200323601DB11023ABE72648E9E72A
:109C9000236823F020032360F6E71646BDE7336808
:109CA0002568181D616930602E061B6801D5196092
:109CB00002E06806FBD51980002316462361BCE745
:109CC000336800211A1D32601E686268304600F059
:109CD00062FA08B1801B606063682361002384F826
:109CE0004330AAE73246494640462369D04701300F
:109CF000ADD023689B0713D4E068039B9842B8BF9C
:109D00001846A6E70123324649464046D04701306F
:109D10009DD00135E36803995B1AAB42F2DCEBE7B7
:109D2000002504F11906F5E72ADB00083BDB0008F3
:109D3000002310B50446C0E90033C0E90433836052
:109D400081814366C2818361194608225C3000F03C
:109D500016F90D4B246263620C4BA3620C4BE36259
:109D60000C4B23630C4B9C4206D003F168029442D7
:109D700002D0D0339C4205D104F15800BDE8104018
:109D800000F0FEB910BD00BFD99E0008FB9E000880
:109D9000339F0008579F00086C040020024A0349C3
:109DA000034800F069B800BF3800002031C4000843
:109DB000B401002041680C4B10B59942044601D013
:109DC00002F036FBA168094B994202D0204602F00E
:109DD0002FFBE168064B994204D02046BDE81040B5
:109DE00002F026BB10BD00BF6C040020D40400208C
:109DF0003C05002010B50B4B0B4C0C4A20461A605A
:109E000004210022FFF794FF04F1680001220921D8
:109E1000FFF78EFF04F1D0000222BDE810401221AE
:109E2000FFF786BFA40500206C0400209D9D00085C
:109E3000014800F0A6B900BFAD050020014800F0C0
:109E4000A1B900BFAD05002010B50446FFF7F0FF33
:109E5000236A1BB1BDE81040FFF7F0BF044B23623B
:109E6000044B1B68002BF5D1FFF7C4FFF2E700BFDE
:109E7000B59D0008A40500202DE9F8430746884653
:109E800014460026D4E90195B9F1010905D52468E5
:109E9000002CF7D13046BDE8F883AB89012B07D9F8
:109EA000B5F90E30013303D029463846C047064382
:109EB0006835E9E70FB407B5064904AB086853F8FD
:109EC000042B8168019302F01BF903B05DF804EBE9
:109ED00004B07047B001002010B50C46B1F90E1067
:109EE00000F000F90028ABBF636DA3891B1823F4B1
:109EF0008053ACBF6365A38110BD2DE9F0411F46BF
:109F00008B890546DB050C46164605D50223002243
:109F1000B1F90E1000F0D4F8A389324623F480532F
:109F2000A38128463B46B4F90E10BDE8F04100F08D
:109F3000EBB810B50C46B1F90E1000F0C1F8431C97
:109F4000A38915BF606523F4805343F48053A38134
:109F500018BFA38110BDB1F90E1000F0A1B810B563
:109F600001390244904201D1002005E0037811F844
:109F7000014FA34201D0181B10BD0130F2E7034688
:109F80000244934200D1704703F8011BF9E710B572
:109F90006AB10139841810F8012B11F8013F9A4277
:109FA00003D1A04201D0002AF5D1D01A10BD10462D
:109FB000FCE70000164B2DE9F0411F6805467C6C5C
:109FC0000E46ECB9502001F0F9FA0246786420B947
:109FD0005B21104B104800F001F9C0E90044C0E9D2
:109FE0000244C0E90444C0E90A44C0E90C44C0E9A1
:109FF0000E44C0E91044C0E912448461047744620D
:10A00000314628467A6C0123BDE8F04100F006B8DD
:10A01000B00100204CDB000863DB0008F0B504460B
:10A0200008B9146844B10F46204614F8015B17F8CC
:10A03000016B1EB965B91560002005E0B542F6D187
:10A04000002BF0D114600370F0BD1C460CE015B974
:10A050000E4614F8013B16F8015BAB42F7D1002B1A
:10A06000F3D0002304F8013C1460EDE70A7870B5E2
:10A070006AB970BD9A4209D10C46054614F8013FF1
:10A08000002BF6D015F8016F9E42F7D0013003780F
:10A09000002BEFD11846ECE7004870473401002050
:10A0A00038B50023054D044608462B60F7F73DFD03
:10A0B000431C02D12B6803B1236038BDA8050020E2
:10A0C00038B50446084611460022054D2A601A4656
:10A0D000F7F74FFD431C02D12B6803B1236038BD55
:10A0E000A805002038B50446084611460022054D53
:10A0F0002A601A46F7F7E0FC431C02D12B6803B133
:10A10000236038BDA805002038B50446084611462E
:10A110000022054D2A601A46F7F7EBFC431C02D1DA
:10A120002B6803B1236038BDA8050020014B1868D7
:10A13000704700BFB001002070B500260C4D0D4CDB
:10A14000641BA410A64209D102F032FB00260A4D7E
:10A150000A4C641BA410A64205D170BD55F8043BFF
:10A1600098470136EEE755F8043B98470136F2E789
:10A170004CDF00084CDF00084CDF000850DF00080F
:10A18000704770477047034611F8012B03F8012B05
:10A19000002AF9D17047034610B5C9B20244934270
:10A1A000184601D1002003E0047801338C42F6D137
:10A1B00010BD0A44914200F1FF3300D1704710B541
:10A1C00011F8014B914203F8014FF9D110BD000085
:10A1D00000200149704700BF0000F87F1FB51446FA
:10A1E0001A46094B05461B68D86854B9074B1C46EC
:10A1F000CDE9013400912B46054902F041F902F006
:10A20000F5F9044BF4E700BFB001002000DC0008C2
:10A21000D2DB0008C5DB00082DE9F74F03690C69A4
:10A220000746A3427EDB013CA30000F1140501F1C7
:10A230001408009305EB8403019358F8243055F873
:10A24000242001339A42B2FBF3F608EB84092ED3A3
:10A250004FF0000AC446AE46D3465CF8043B98B2C1
:10A2600006FB00A01B0C020C06FB0323DEF80020FB
:10A2700080B292B2121A5A44DEF800004FEA134A32
:10A280009BB2C3EB224303EB104392B242EA034278
:10A29000E1454FEA234B4EF8042BDED2009BEB58EE
:10A2A0002BB9019B043B9D421A462FD33C61384693
:10A2B00001F00EFD002825DB2946002058F8042B6C
:10A2C000D1F800C01FFA82FE1FFA8CF3A3EB0E0335
:10A2D0000344120CC2EB234202EB1C429BB243EA42
:10A2E0000243C1454FEA224041F8043BE6D255F80B
:10A2F000242005EB840322B9043B9D421A460BD36C
:10A300003C610136304603B0BDE8F08F1268043B73
:10A31000002ACBD1013CC6E71268043B002AEFD1EA
:10A32000013CEAE70020EEE72DE9F04F14461D4618
:10A33000C76997B08346CDE90245239E7FB91020B7
:10A3400001F03CF90246CBF81C0020B9EF21A84BE4
:10A35000A848FFF743FFC0E901770760C760DBF853
:10A360001C30196859B15A68012393404A608B60C8
:10A37000584601F02BFA0022DBF81C301A602B1E25
:10A38000AFBF0023012223F000430393A8BF336033
:10A39000DDF80C80984BB8BF326033EA080312D165
:10A3A00042F20F73229A1360C8F31303234300F0A1
:10A3B0005085249BDFF844A2002B00F052850AF15F
:10A3C000030300F04CBDDDE90223CDE90C23DDE9F8
:10A3D0000C0100220023F6F7E7FA074658B10123E3
:10A3E000229A1360249B13B1854B249A1360DFF8E3
:10A3F00014A200F036BD14AB019315AB0093584680
:10A40000DDE90C2301F07CFDC8F30A568146002EDD
:10A4100077D0DDE90C010D9BA6F2FF36C3F31303E1
:10A4200043F07F5343F44013129719460022764BB2
:10A43000F5F79AFE68A3D3E90023F6F74DF868A371
:10A44000D3E90023F5F792FE044630460D46F5F7B2
:10A45000D9FF65A3D3E90023F6F73EF802460B4681
:10A4600020462946F5F782FE04460D46F6F7E4FA43
:10A4700000220746002320462946F6F79FFA40B1FE
:10A480003846F5F7BFFF22462B46F6F78DFA00B99E
:10A49000013F162F53D8DDE90C015C4B03EBC703DA
:10A4A000D3E90023F6F78AFA00284AD00023013FB7
:10A4B0000F93149B9B1B5A1E46BFC3F10108002338
:10A4C0004FF00008099248BF0993002F3BDB099B1E
:10A4D0000E973B44099300230A93209B092B66D8CF
:10A4E000052BC4BF043B2093209BC8BF0024A3F1CD
:10A4F0000203D8BF0124032B64D8DFE803F02B3814
:10A500003656DDE914631E4406F23243202BC1BFE8
:10A51000C3F1400308FA03F806F2124324FA03F3E6
:10A52000D6BFC3F1200348EA030004FA03F0F5F7AD
:10A5300059FF0122A1F1F873013E129275E7012340
:10A54000B6E70F90B5E77B420A930023A8EB070814
:10A550000E93C2E700230B93219B002B35DC0123D4
:10A560001A46CDE9073321920BE00123F3E70023DC
:10A570000B93219BFB1808930133012B0793B8BF62
:10A58000012300210422DBF81C0002F114059D4286
:10A590001FD94160584601F0D9F88246002839D1C8
:10A5A000024640F2AF111A4BD2E60123E0E7012444
:10A5B00000230B9420934FF0FF330022CDE90733A3
:10A5C0001223D0E701230B93F5E7219BCDE9073355
:10A5D000D7E701315200D8E761436F63A787D23FC5
:10A5E000B3C8608B288AC63FFB799F501344D33F82
:10A5F0004CDB00080EDC00080000F07F0ADC0008DD
:10A6000029DB000828DB00080000F83F68DD0008AF
:10A6100066DC0008DBF81C301860079B0E2B00F28C
:10A62000A480002C00F0A180002F33DD864B07F0C2
:10A630000F0203EBC203F805D3E90034CDE904347B
:10A640004FEA271416D5DDE90C01804B0326D3E928
:10A650000823F6F76BF8CDE9020104F00F047B4DF7
:10A6600054B9DDE90423DDE90201F6F75FF8CDE92D
:10A67000020128E00226F2E7E10708D5DDE904013E
:10A68000D5E90023F5F728FFCDE904010136641070
:10A690000835E5E700F0D280DDE90C017C426A4B29
:10A6A00004F00F0203EBC203D3E90023F5F714FF14
:10A6B00002260023CDE90201644D2411002C40F054
:10A6C000B280002BD3D1DDE902450F9B002B00F0B7
:10A6D000B7800022204629465D4BF6F76FF9002827
:10A6E00000F0AE80079B002B00F0AA80089B002B97
:10A6F00037DD7B1E2046049300222946554BF5F793
:10A70000EBFECDE90201089C01363046F5F77AFEF2
:10A71000DDE90223F5F7E0FE00224F4BF5F726FDB9
:10A720000546A1F15076002C40F09A80DDE9020147
:10A7300000224A4BF5F718FD02460B46CDE90223ED
:10A740002A463346F6F758F9002840F08E82DDE9B4
:10A7500002012A4606F10043F6F730F9002840F0DE
:10A760002781DDE90C34CDE90234159B002BC0F2C2
:10A7700063810E2F00F36081334B03EBC703D3E9F2
:10A780000034CDE90434219B002B03DA079B002B16
:10A7900040F30081DDE902455646DDE90423204609
:10A7A0002946F5F7C3FFF6F747F98046F5F72AFE85
:10A7B000DDE90423F5F790FE02460B4620462946C4
:10A7C000F5F7D2FC08F13004079D06F8014BA6EB23
:10A7D0000A04A54202460B4640F01681F5F7C6FC76
:10A7E000DDE9042304460D46F6F706F9002840F09B
:10A7F000F880DDE9042320462946F6F7D5F818B19C
:10A8000018F0010F40F0ED804946584600F0DEFF99
:10A8100000233370229B01371F60249B002B00F024
:10A8200020831E601DE3E20705D5D5E90023F5F777
:10A8300053FE01230136641008353FE7022642E744
:10A84000079C049761E700BF68DD000840DD000851
:10A850000000F03F0000244000001C4000001440B5
:10A86000704B0B9903EBC40353E9022354440029B2
:10A8700045D000206C49F5F759FF33462A46F5F7D5
:10A8800073FC5646CDE91001DDE90201F6F7D4F874
:10A890000546F5F7B7FD02460B46DDE90201F5F77F
:10A8A00063FC02460B463035CDE90223DDE9102377
:10A8B00006F8015BF6F782F8002863D1DDE9022390
:10A8C00000205A49F5F750FCDDE91023F6F776F839
:10A8D000002840F08780A6423FF443AFDDE9100135
:10A8E0000022534BF5F7F8FD0022CDE91001DDE918
:10A8F00002014F4BF5F7F0FDCDE90201C4E7314607
:10A900002846F5F7E9FD5646CDE910011394DDE937
:10A910000201F6F791F80546F5F774FD02460B467D
:10A92000DDE90201F5F720FC02460B46303506F85A
:10A93000015BA642CDE902234FF0000224D1DDE9FC
:10A940001001394BF5F712FC02460B46DDE9020116
:10A95000F6F752F8002845D1DDE9102300203249EE
:10A96000F5F702FC02460B46DDE90201F6F726F890
:10A9700000283FF4F6AE139E731E139316F8013CA5
:10A98000302BF8D0049F3FE7294BF5F7A5FDCDE923
:10A990000201BCE70CD1DDE904010022254BF5F7EB
:10A9A0009BFDDDE90223F6F71DF8002800F05B812E
:10A9B00000242546219B5646DB430493002721466D
:10A9C000584600F003FF002DDCD02FB1AF4203D07A
:10A9D0003946584600F0FAFE2946584600F0F6FE81
:10A9E000D0E7049733461E4613F8012D392A07D1C4
:10A9F0009A45F8D1049A0132049230228AF8002054
:10AA00001A7801321A70BDE70022094BF5F764FD90
:10AA10000022002304460D46F5F7C6FF00283FF448
:10AA2000BCAEF1E668DD00080000E03F0000F03F4A
:10AA300000002440000014400B9A002A00F0DB8044
:10AA4000209A012A00F3BF80129A002A00F0B780F2
:10AA500003F2334346460A9C099A01211A44584698
:10AA60009844099200F0B0FF05465EB1099B002BA7
:10AA700008DDB342A8BF3346099AA8EB0308F61ACB
:10AA8000D31A09930A9BF3B10B9B002B00F0B780FC
:10AA90008CB129462246584601F054F84A460146F0
:10AAA0000546584600F0A6FF49460490584600F077
:10AAB0008DFE049B99460A9B1A1B04D049465846B2
:10AAC00001F040F881460121584600F07DFF0E9BC1
:10AAD0000446002B00F0C9811A460146584601F091
:10AAE00031F8209B0446012B00F38F80029B002B42
:10AAF00040F08780039BC3F31303002B40F0838057
:10AB0000039B23F000431B0D1B052BB1099B08F190
:10AB100001080133099301230A930E9B002B00F0D7
:10AB2000AA81236904EB8303186900F001FFC0F1D7
:10AB30002000099B184410F01F0071D0C0F12003C1
:10AB4000042B65DD099BC0F11C00034480440644CE
:10AB50000993B8F1000F05DD49464246584601F019
:10AB60004BF88146099B002B05DD21461A465846C5
:10AB700001F042F804460F9B002B53D02146484673
:10AB800001F0A6F800284DDA7B1E494604930A22FC
:10AB90000023584600F03CFE0B9B8146002B00F042
:10ABA0006C81002329460A22584600F031FE089B9A
:10ABB0000546002B61DC209B022B3BDC5DE0149BF7
:10ABC000C3F1360346E7079B5C1E0A9BA342BFBF47
:10ABD0000A9B0E9AE31AD218A8BF1C1B079BBEBF84
:10ABE0000A940E920024002BB5BFA8EB030646463C
:10ABF0000023079B30E746460A9C0B9D35E70A9ADF
:10AC00005CE7002388E7029B86E700230A9388E736
:10AC10009FD0099A1C331A4498441E44099298E71D
:10AC20000346F6E7079B0497002B20DC0893209B44
:10AC3000022B1EDD089B002B7FF4BCAE21460522B3
:10AC4000584600F0E5FD01460446484601F040F84C
:10AC500000287FF7AFAE3123564606F8013B049B30
:10AC600001330493AAE6079C04972546F3E7079B64
:10AC700008930B9B002B00F00481002E05DD294674
:10AC80003246584600F0B8FF05460A9B002B5AD0C2
:10AC90005846696800F05AFD064628B9024640F257
:10ACA000EF21834BFFF754BB2A6905F10C010232F7
:10ACB00092000C30FFF77DFA01223146584600F031
:10ACC0009BFF2F4605460AF101030793089B534457
:10ACD0000B93029B03F001030A93079B2146013B60
:10ACE00048460293FFF798FA3946089000F1300879
:10ACF000484600F0EDFF2A4609902146584601F0EB
:10AD000003F8C268064602BB0146484600F0E0FF71
:10AD10000246314658460C9200F058FD209B0C9A92
:10AD2000079E43EA02010A9B194310D1B8F1390F7B
:10AD300029D0099B002B02DD089B03F13108029BFF
:10AD400083F800803BE62846BBE70122E1E7099B48
:10AD5000002B04DB20990B430A990B4320D1002AD6
:10AD6000EDDD49460122584600F046FF2146814666
:10AD700000F0AEFF002803DCE1D118F0010FDED0B7
:10AD8000B8F1390FD8D13923029A137033461E46D1
:10AD900016F8012C013B392A52D001321A700EE606
:10ADA000002A07DDB8F1390FEDD0029A08F101034E
:10ADB000137004E6079B079A03F8018C0B9B9342E0
:10ADC00028D0494600230A22584600F021FDAF4210
:10ADD00081464FF000034FF00A023946584607D12A
:10ADE00000F016FD07460546079B0133079374E7FD
:10ADF00000F00EFD2946074600230A22584600F0BF
:10AE000007FD0546F0E7089B0027002BCCBF1E4638
:10AE10000126564449460122584600F0EDFE2146DF
:10AE2000814600F055FF0028B0DC02D118F0010F78
:10AE3000ACD133461E4613F8012D302AFAD0BEE5B8
:10AE40009A45A4D1049B0133049331238AF800303E
:10AE5000B5E5249BDFF85CA01BB10AF10803249A36
:10AE60001360504617B0BDE8F08F209B012B7FF791
:10AE70003DAE0E9B0A9301205BE6089B002B7FF7FB
:10AE8000D6AE564621464846FFF7C6F900F13008CF
:10AE9000089B06F8018BA6EB0A029342B3DD4946F4
:10AEA00000230A22584600F0B3FC8146EAE700BFBF
:10AEB00066DC000801DC000838B50546002940D0F2
:10AEC00051F8043C0C1F002BB8BFE41800F032FC12
:10AED0001C4A136833B9636014602846BDE83840E3
:10AEE00000F02EBCA34208D9206821188B4201BF74
:10AEF00019685B6809182160EDE71A465B680BB1B9
:10AF0000A342FAD911685018A0420BD1206801441D
:10AF1000501883421160E0D118685B6808441060E3
:10AF20005360DAE702D90C232B60D6E7206821189A
:10AF30008B4201BF19685B68091821606360546027
:10AF4000CBE738BDB405002003692DE9F043B3EB2E
:10AF5000611F00F114044FEA611246DD11F01F0178
:10AF600004EB830604EB82050CD1294600F110079F
:10AF7000B14235D39B1A9B00EA1E964238BF00238C
:10AF8000234415E0A14654F82270C1F12008CF40B7
:10AF900005F1040E7645F44616D89A1A9200043A42
:10AFA0000135AE4238BF0022A318A75007B10433C1
:10AFB000A342A3EB040208BF00234FEAA2020261EE
:10AFC00008BF4361BDE8F083DCF800C00CFA08FC60
:10AFD0004CEA070749F8047B5EF8047BCF40D9E7C9
:10AFE00051F804CB47F804CFC2E72346E0E7A0F1CD
:10AFF0003003092B02D82038C0B27047A0F161039A
:10B00000052B01D84738F7E7A0F14103052B01D8FC
:10B010002738F1E7002070472DE9F04F8A46904627
:10B0200085B002930B6801909C1CA14614F8010B9B
:10B030003028FAD0A9EB0303A3F1020BFFF7D7FFE7
:10B040000546002868D1012248469F49FEF79FFF28
:10B050000746002867D199F801002646FFF7C7FF89
:10B06000002862D0234618789946302803F101035E
:10B07000F9D0FFF7BCFFB0FA80F54FF0010B6D0976
:10B080004A46164630780132FFF7B1FF0028F8D162
:10B09000012230468C49FEF77AFF00283FD144B99F
:10B0A000741C2246164630780132FFF7A0FF0028B4
:10B0B000F8D1A41BA700337803F0DF03502B3ED157
:10B0C00073782B2B33D02D2B34D00024711C0878AF
:10B0D000FFF78DFF431EDBB2182B30D8A0F1100212
:10B0E00011F8010FFFF783FF00F1FF3C5FFA8CFCC2
:10B0F000BCF1180F4FF00A031ED904B15242174495
:10B10000CAF80010EDB1BBF1000F0CBF06250025F9
:10B11000284605B0BDE8F08F00252C46B0E7002C8E
:10B12000C7D12746C7E74E462F460125C3E700246F
:10B13000B11CCCE70124FBE703FB0200CEE731465C
:10B14000DEE72946A6EB0903013B072B0ADC019841
:10B1500000F0FCFA044640B90246E4215B4B5C482F
:10B16000FFF73CF801315B10EFE7002300F1140A10
:10B1700055469B46B14537D345F804BBA5EB0A05B8
:10B18000AD102561584600F0D3FB6D01D8F8006082
:10B190002D1AB54254DDAD1B2946204600F05BFF59
:10B1A000814678B14FF001096B1E59115AF82110F0
:10B1B00003F01F0209FA02F20A4203D04B4536DCC3
:10B1C0004FF0020929462046FFF7BEFE2F44D8F86B
:10B1D0000830BB4242DA2146019800F0F7FA00231A
:10B1E0000E9AA325136093E716F8012D2E2A12D08C
:10B1F000202B04D145F804BB4FF0000B5B463078A0
:10B200000393FFF7F4FE039B00F00F0098404BEA16
:10B21000000B0433AEE7B145EAD8012230462A4993
:10B220000393FEF7B4FE039B0028E1D1A2E720467A
:10B23000A91E00F010FF0028C2D04FF00309C1E79B
:10B2400009DA751B21462A46019800F0D5FC044610
:10B250007F1B00F1140A4FF00009B8E7D8F804503A
:10B26000BD426FDDED1BAE4234DCD8F80C30022B52
:10B2700022D0032B24D0012B15D1AE4213D1012EA5
:10B280000BD1D8F80430029A6225136001232361A0
:10B29000CAF800300E9B1C603AE72046711E00F091
:10B2A000DAFE0028EDD12146019800F08FFA002344
:10B2B0000E9A502513602BE70F9B002BF3D1E0E78C
:10B2C0000F9B002BDDD1EEE7C2DA000866DC000838
:10B2D00077DC00086F1EB9F1000F30D127B1394675
:10B2E000204600F0B8FE814601232946761B022540
:10B2F0007A115AF8222007F01F07BB40134220465C
:10B3000018BF49F00209FFF71FFED8F80470B9F121
:10B31000000F47D0D8F80C30022B15D0032B17D0D4
:10B32000012B09D119F0020F06D0DAF8003049EAF2
:10B33000030919F0010F0ED145F0100532E04FF06E
:10B340000109D1E70125E2E70F9BC3F101030F9348
:10B350000F9B002BF0D04FF0000CD4F810B004F18C
:10B3600014034FEA8B0A03EB8B01184653F8042BA6
:10B37000B2F1FF3F1BD001320260022D04F1140331
:10B380003CD1D8F80020013AB24209D10122711112
:10B3900053F8213006F01F0602FA06F61E423AD193
:10B3A00045F020050E9B1C60029B1F60B0E6994291
:10B3B00043F804CCD9D8A3689B4517DB6168019892
:10B3C000013100F0C3F9814618B902468421194BB6
:10B3D000C5E6226904F10C01023292000C30FEF73E
:10B3E000E8FE2146019800F0F1F94C4623695A1C09
:10B3F0002261012204EB83035A61BEE722695A45A8
:10B400000BDD01212046FFF79FFDD8F808300137FA
:10B41000BB42FFF6E0AE0125C2E716F01F06FAD0E8
:10B42000534453F8040C00F083FAC6F12006B042EE
:10B43000E7DBF0E766DC0008C2F10802920070B5B5
:10B44000C2F120064368046803FA06F52C43D34092
:10B45000046040F8043F8842F4D370BD30B50368FF
:10B46000013311F8014B14B90360012030BD13F80A
:10B47000012BA2F14105192D98BF2032A242F0D034
:10B480000020F3E72DE9F04F00250B6882465E119E
:10B4900002EB860613F01F0318BF0436371F9046D1
:10B4A000B9463C46AB4687B00168019346F8045C58
:10B4B00002954A784B1C039342B3104605910492BF
:10B4C000FFF795FD002851D1049A0599202A18D834
:10B4D000029B9B4513DD4C4506D2072D04DC2A4612
:10B4E00049462046FFF7A8FF444552D90023A4F15E
:10B4F000040944F8043C1D464C46CDF808B00399B5
:10B50000D7E7292A57D10231CAF80010BBF1000F42
:10B5100051D04C4506D2072D04DC2A464946204628
:10B52000FFF78AFF444536D92346A8F1040253F8B1
:10B53000041B9F4242F8041FF9D23B1B23F0030374
:10B5400004330134033EB44288BF04230022434441
:10B5500043F8042B9F42FBD23B681BB9474528D1D7
:10B5600001233B60052007B0BDE8F08F0135082DB1
:10B570000BF1010B06DD4445C1D90023012544F838
:10B58000043C043C226800F00F0040EA02102060F6
:10B59000B5E70825B3E7019B002BDDD04FF0FF3264
:10B5A000C3F12003DA4056F8043C134046F8043C4B
:10B5B000D2E7043FD0E70420D5E70000024B014664
:10B5C000186800F025B800BFB001002070B50F4E1C
:10B5D0000C463168054611B900F0F8FF306021468D
:10B5E000284600F0F3FF431C03D14FF0FF34204600
:10B5F00070BDC41C24F00304A042F8D0211A2846D0
:10B6000000F0E4FF0130F2D1EFE700BFB005002009
:10B610002DE9F843CD1C25F0030508350C2D38BF66
:10B620000C25002D064601DBA94204D90C2333600A
:10B630000020BDE8F883DFF8D48000F07BF8D8F86C
:10B6400000301C4644BB29463046FFF7BFFF431C71
:10B65000044658D1D8F800402746002F43D1002C8B
:10B660004BD023683946304604EB030900F0AEFFA7
:10B67000814542D1216830466D1A2946FFF7A6FF61
:10B6800001303AD023682B442360D8F800305A6840
:10B6900062BBC8F800700FE02268521B20D40B2A4E
:10B6A00017D96119A342256018BF5960636808BFA4
:10B6B000C8F8001062514B60304600F041F804F1C8
:10B6C0000B00231D20F00700C21A1CBF1B1AA35039
:10B6D000AFE76268A3420CBFC8F800205A60EBE7EE
:10B6E00023466468AEE73C467F68B6E71A465B6867
:10B6F000A342FBD100235360DEE70C2330463360C6
:10B7000000F01EF894E70560D6E700BFB4050020FE
:10B7100082B001B901A942B14BB113780B60127824
:10B72000101E18BF012002B070471046FBE76FF0F3
:10B730000100F8E70148FEF724BD00BFAC0500207A
:10B740000148FEF71FBD00BFAC05002070B5C669FB
:10B7500004460D4676B91020FFF730FF0246E0613F
:10B7600020B96B21174B1848FEF738FDC0E9016678
:10B770000660C660E669F36883B1E369DB6853F885
:10B780002500B8B9012101FA05F6721D2046920084
:10B7900000F033FF60B1C0E901560EE02122042120
:10B7A000204600F02AFFE369F060DB68002BE4D15B
:10B7B000002070BD026843F825200023C0E9033350
:10B7C000F7E700BF4CDB0008D7DC000870B5C6699E
:10B7D00005460C4676B91020FFF7F0FE0246E861F8
:10B7E00020B98F21084B0948FEF7F8FCC0E9016633
:10B7F0000660C6603CB1EB696268DB6853F82210F2
:10B80000216043F8224070BD4CDB0008D7DC000803
:10B810002DE9F04107460C461E4600200D6901F156
:10B82000140CDCF80030013099B202FB01611E0CEF
:10B830000B0C02FB063389B201EB034185424FEA50
:10B8400013464CF8041BECDC0EB3A368AB4219DCC6
:10B85000616838460131FFF779FF804628B9024612
:10B86000BA210C4B0C48FEF7B9FC226904F10C011B
:10B87000023292000C30FEF79CFC21463846FFF75E
:10B88000A5FF444604EB850301355E612561204632
:10B89000BDE8F08166DC0008D7DC00082DE9F8433C
:10B8A000154609221F4608330C4693FBF2F3064661
:10B8B000012200219A4209DB3046FFF747FF40B9D9
:10B8C0000246D321184B1948FEF788FC520001317B
:10B8D000F0E7089B092D43614FF00103036116DD7A
:10B8E00004F10909C8462C4418F8013B01460A2214
:10B8F0003046303BFFF78CFFA045F5D1A5F1080499
:10B900004C442D1B6319BB4204DBBDE8F8830925B9
:10B910000A34F6E714F8013B01460A223046303B70
:10B92000FFF776FFEEE700BF66DC0008D7DC000813
:10B930000346B0F5803F3ABF030410200020B3F166
:10B94000807F3CBF1B020830B3F1805F3CBF1B010E
:10B950000430B3F1804F3CBF9B000230002B05DB6D
:10B9600013F0804F00F1010008BF202070470368EA
:10B97000024613F007000BD0D90721D4980749BF1E
:10B980005B089B08012013605CBF022013607047B6
:10B9900099B209B910201B0CD9B209B908301B0A99
:10B9A000190704BF1B090430990704BF9B08023024
:10B9B000D90703D45B0800F1010003D0136070477E
:10B9C000002070472020704710B50C460121FFF77A
:10B9D000BDFE024628B940F24511044B0448FEF76B
:10B9E000FDFB01234461036110BD00BF66DC00085C
:10B9F000D7DC00082DE9F04F14460A6923690F4689
:10BA00009A42A2BF23460C461F46D4F810A0D7F88E
:10BA10001090A36861680AEB0906B34285B0B8BF0D
:10BA20000131FFF793FE30B902464FF4B171434B39
:10BA30004348FEF7D3FB00F114052B46002205EB2B
:10BA40008608434521D307F1140104F1140202EBE7
:10BA50008A0201EB89030293131B153B23F00303B6
:10BA6000043304F11507BA4238BF04230193029B43
:10BA700003918B420CD8002E03DD58F8043D002BB7
:10BA80005AD0066105B0BDE8F08F43F8042BD8E723
:10BA9000B1F800A0BAF1000F23D0A9464FF0000C76
:10BAA00004F1140E5EF8047BD9F800301FFA87FB0E
:10BAB0009BB20AFB0B336344D9F800C03F0C4FEA3A
:10BAC0001C4C0AFB07C707EB13479BB243EA07432B
:10BAD00072454FEA174C49F8043BE3D8019B45F8FF
:10BAE00003C0039B0431B3F80290B9F1000F21D0D9
:10BAF000AE464FF0000A2B6804F1140CBCF800B0FD
:10BB0000BEF802709BB209FB0B77574443EA074328
:10BB10004EF8043B5CF8043B4FEA134ABEF8003091
:10BB2000624509FB0A3303EB17434FEA134AE5D892
:10BB3000019FEB5104359AE7013E9CE766DC000863
:10BB4000D7DC00082DE9F843154612F0030207463A
:10BB50000E4607D0254C013A002354F82220FFF767
:10BB600057FE0646AD103DD0FC697CB91020FFF7AA
:10BB700025FD0246F86128B940F2B3111C4B1D485F
:10BB8000FEF72CFBC0E901440460C460D7F81C80B8
:10BB9000D8F808404CB940F271213846FFF714FF3D
:10BBA00000230446C8F8080003604FF00009EB07C3
:10BBB0000AD5314622463846FFF71CFF80463146FB
:10BBC0003846FFF703FE46466D100BD0206838B9A3
:10BBD000224621463846FFF70DFF2060C0F800904E
:10BBE0000446E4E73046BDE8F88300BF30DD0008D6
:10BBF0004CDB0008D7DC00082DE9F0470C4607466F
:10BC000091462369496803EB6218A3684FEA621AF8
:10BC100008F10106B3420BDB3846FFF797FD0546F6
:10BC200048B902464FF4EF71274B2848FEF7D6FA81
:10BC300001315B00EEE7002300F1140100F1100276
:10BC40001846534533DB20692AEAEA7A04F11403E3
:10BC500019F01F0901EB8A0103EB800C2BD08A46F7
:10BC60000022C9F1200E186800FA09F010434AF8C2
:10BC7000040B53F8042B9C4522FA0EF2F3D8ACEBDC
:10BC80000403153B23F00303043304F1150084453A
:10BC900038BF0423CA500AB108F10206013E3846F3
:10BCA00021462E61FFF792FD2846BDE8F08742F855
:10BCB000040F0133C5E7043953F8042B9C4541F8C0
:10BCC000042FF9D8EAE700BF66DC0008D7DC0008DB
:10BCD00003460A69006930B5801A0ED11433143155
:10BCE00003EB820401EB820154F8045D51F8042D4A
:10BCF000954203D005D24FF0FF3030BDA342F3D3BD
:10BD0000FBE70120F9E700002DE9F74F89460646D9
:10BD1000114648461446FFF7DBFF051E12D129469F
:10BD20003046FFF713FD024628B940F237213E4B5B
:10BD30003E48FEF753FA0123C0E90435104603B02C
:10BD4000BDE8F08FBCBF4B46A1463046D9F8041081
:10BD5000BABF1C4601250025FFF7F8FC024618B9BA
:10BD600040F24521304BE3E700F1140BD9F8107095
:10BD700009F11003C5604FF0000C09F11405D94614
:10BD8000266904F1140E05EB87080EEB8606019375
:10BD9000019B5EF8040B53F804AF81B201931FFAC4
:10BDA0008AF35B1A000C6344C0EB1A4000EB23409B
:10BDB0009BB243EA004376454FEA204C49F8043BE6
:10BDC000E6D8331B153B23F0030315340433A64296
:10BDD00038BF04231D445B441E462C4644450ED305
:10BDE00008F10301491B21F00301033DA84538BFB9
:10BDF00000210B4453F8041D99B117619EE7E646F4
:10BE000054F8041B1FFA81FCF444080C714400EB45
:10BE10002C4089B241EA00414FEA204C46F8041B0D
:10BE2000DCE7013FE6E700BF66DC0008D7DC00087E
:10BE30000E4B0B40A3F15073002B08DC5B42B3F1B7
:10BE4000A07F4FEA235204DA4FF40023134100226B
:10BE500008E0A2F114031E2BD6BF4FF000420122CE
:10BE6000DA40002319461046704700BF0000F07FFB
:10BE70000269F8B500F1140606EB820252F8044C90
:10BE80001E4F2046FFF754FD0346C0F120000A2B49
:10BE9000A2F10405086012DCAE422CBF002252F869
:10BEA000082CC3F10B0C153324FA0CFE04FA03F32F
:10BEB00022FA0CF24EEA07011A431046F8BDAE42D0
:10BEC00036BFA2F10805002252F8082C0B3B12D015
:10BED000C3F1200722FA07F19C400C43B54244F01D
:10BEE0007F5194BF002455F8044C9A40FC4041F423
:10BEF00040112243E1E744EA0701DEE70000F03F9A
:10BF00002DE97343012190469946089EFFF71EFCD8
:10BF1000044630B9024640F20F31234B2348FEF766
:10BF20005DF9C9F30A55C9F313030DB143F4801346
:10BF30000193B8F1000324D068460093FFF717FD82
:10BF4000DDE90012D8B1C0F1200302FA03F30B437C
:10BF5000C24063610192019B002B0CBF01220222AF
:10BF6000A3612261ADB1A5F2334505443560C0F14E
:10BF70003500099B1860204602B0BDE870836161FE
:10BF8000E9E701A8FFF7F3FC019B01226361203080
:10BF9000E7E7A0F2324004EB820330601869FFF754
:10BFA000C7FCC0EB4210E4E766DC0008D7DC000801
:10BFB0002DE9F04F85B0CDE9001002A9FFF758FF39
:10BFC0008B4606460F46009803A9FFF751FF0D4622
:10BFD000019B89461969009B04461B693046C91AB2
:10BFE000DDE902329B1A03EB4113002BCDBF3A4629
:10BFF0002A46C3EB033302EB035BD8BF02EB0359C2
:10C000004B4622465946F4F791FB05B0BDE8F08F48
:10C01000013970B549111469013102F1140300EBC3
:10C02000810103EB8404051FA3420CD3A31A113B27
:10C0300023F003031132A24288BF002318440023D7
:10C04000884205D370BD53F8046B45F8046FEBE7E5
:10C0500040F8043BF4E700F1140200694B119842E8
:10C0600010B511DB0ADD11F01F0107D052F8234093
:10C0700024FA01F000FA01F18C420BD102EB8303A8
:10C08000934203D8002010BD0346F7E753F8041D80
:10C090000029F5D00120F6E70346084641B1FF2A02
:10C0A00004D98A224FF0FF301A60704701200A70CD
:10C0B0007047936810B4013B002B936007DA9469D2
:10C0C000A34201DB0A2902D110BC00F0EBB91368CE
:10C0D000581C10601970084610BC7047F8B5064629
:10C0E0000F461446D518AC4201D1002007E03A466D
:10C0F000304614F8011BFFF7DCFF431CF3D1F8BDF9
:10C100002DE9F04F0D461446984606469DB018B1ED
:10C11000036A0BB9FDF798FE6B6ED90705D4AB899E
:10C120009A0502D4A86DFEF72CF8AB891B0701D540
:10C130002B699BB92946304600F0F2F970B16B6E5D
:10C14000DC0704D54FF0FF301DB0BDE8F08FAB89A0
:10C150009805F7D4A86DFEF715F8F3E700230993C7
:10C1600020238DF8293030234FF00109CDF80C80C1
:10C17000DFF8A8818DF82A3023469A4613F8012B60
:10C180000AB1252AF9D1BAEB040B0BD05B46224643
:10C1900029463046FFF7A2FF013000F0A780099A38
:10C1A0005A4409929AF80030002B00F09F80002337
:10C1B0004FF0FF32CDE905230AF1010A04930793FA
:10C1C0008DF853301A935446052214F8011B534836
:10C1D000FDF7E1FF049AD8B9D10644BF20238DF8BA
:10C1E0005330130744BF2B238DF853309AF8003097
:10C1F0002A2B15D0544600204FF00A0C079A2146EE
:10C2000011F8013B303B092B4BD9B0B1079214E038
:10C21000A0EB080309FA03F31343A2460493D2E701
:10C22000039B191D1B680391002BBBBF5B4242F0AF
:10C23000020207930793B8BF049223782E2B0AD1EA
:10C2400063782A2B32D1039B02341A1D1B68039298
:10C2500043EAE3730593DFF8C8A003225046217830
:10C26000FDF799FF38B14022049BA0EB0A00824001
:10C2700013430134049314F8011B062229488DF856
:10C280002810FDF788FF00283FD0274B1BBB039BDE
:10C29000073323F0070308330393099B3B440993B7
:10C2A0006AE70C4601200CFB0232A8E700234FF09E
:10C2B0000A0C194601340593204610F8012B303A38
:10C2C000092A03D9002BC6D00591C4E704460123EF
:10C2D0000CFB0121F0E703AB00932A463046134BD9
:10C2E00004A9FDF767F90746781CD6D16B6ED9070C
:10C2F00005D4AB899A0502D4A86DFDF743FFAB893D
:10C300005B063FF51FAF09981EE703AB00932A4673
:10C310003046064B04A9FDF7EBFBE4E731DF0008EC
:10C3200037DF00083BDF0008B5950008DDC00008D6
:10C33000B1F90C20F8B5160705460C4654D44B68E5
:10C34000002B02DC0B6C002B48DDE66A002E45D08A
:10C35000002312F480522F68216A2B6030D0626D66
:10C36000A389590705D56368D21A636B0BB1236C97
:10C37000D21A00232846E66A216AB047431CA389E3
:10C3800006D129681D292BD8284A0A41D60727D467
:10C39000002262602269D904226004D5421C01D1C6
:10C3A0002B6803B96065616B2F60B9B104F1440378
:10C3B000994202D02846FEF77FFD002363630DE01B
:10C3C00001232846B0470246501CC9D12B68002BD8
:10C3D000C6D01D2B01D0162B1DD12F60002021E0CF
:10C3E00043F040031BB21AE00F69002FF6D0930709
:10C3F00018BF00230E6808BF4B69F61B0F608B60E7
:10C40000002EEBDD33463A462846216AD4F828C090
:10C41000E047002807DCB4F90C3043F040034FF04C
:10C42000FF30A381F8BD0744361AE9E7FEFFBFDFFE
:10C4300038B50B6905460C4613B90025284638BDAA
:10C4400018B1036A0BB9FDF7FFFCB4F90C30002BEF
:10C45000F3D0626ED00704D4990502D4A06DFDF725
:10C4600090FE28462146FFF763FF636E0546DA0714
:10C47000E4D4A3899B05E1D4A06DFDF783FEDDE73D
:10C480000EB403B5014603AB054853F8042B00680E
:10C490000193FFF735FE02B05DF804EB03B070477F
:10C4A000B0010020F8B50E461446054618B1036ADF
:10C4B0000BB9FDF7C9FCA369A360A3891A0701D5CD
:10C4C000236943B92146284600F02AF818B14FF0F5
:10C4D000FF373846F8BD23682269F6B2981A6369B7
:10C4E0003746834205DC21462846FFF7A1FF002896
:10C4F000EDD1A368013BA36023685A1C22601E7023
:10C500006269431C9A4204D0A389DB07E1D50A2E55
:10C51000DFD121462846FFF78BFF0028D9D0D6E788
:10C5200038B5294B054618680C4618B1036A0BB993
:10C53000FDF78AFCB4F90C30190722D4DA0607D4C7
:10C5400009222A6043F040034FF0FF30A38133E01B
:10C55000580712D5616B41B104F14403994202D0EE
:10C560002846FEF7A9FC00236363A38923F0240374
:10C57000A3810023636023692360A38943F0080338
:10C58000A38123694BB9A38903F42073B3F5007F1A
:10C5900003D02146284600F069F8B4F90C3013F0B6
:10C5A00001020AD00022A26062695242A26122699D
:10C5B00042B913F08000C5D138BD990758BF6269F0
:10C5C000A260F4E70020F7E7B001002038B50023AF
:10C5D000054D044608462B60F5F7D8FA431C02D1F6
:10C5E0002B6803B1236038BDA8050020062008B5DC
:10C5F00000F0A0F80120F5F754FA70B5A1FB025441
:10C600003CB92946FFF704F8064628B9002630460B
:10C6100070BD0C220260F9E72A462146FDF7AFFC07
:10C62000F5E770B50C46B1F90E10154600291E4607
:10C6300096B00CDAA389002113F0800F14BF4023B9
:10C640004FF48063002031602B6016B070BD6A46E5
:10C6500000F078F80028EDDB019901F47041A1F5B4
:10C660000053594259414FF48063EBE78B89F7B58A
:10C670009D0706460C4607D504F147032360236156
:10C680000123636103B0F0BD6A4601ABFFF7C9FF48
:10C69000009F054639463046FEF7BAFF48B9B4F95F
:10C6A0000C309A05EED423F0030343F00203A38178
:10C6B000E2E7A389C4E9040743F08003A381019B57
:10C6C00020605BB13046B4F90E1000F04DF828B18F
:10C6D000A38923F0030343F00103A381A3891D432E
:10C6E000A581CFE71F2938B505460C4604D9162386
:10C6F00003604FF0FF3038BDC26B12B152F82130E9
:10C700004BB9284600F052F8224601462846BDE8BB
:10C71000384000F039B8012B0AD0591C03D1162338
:10C7200003600120E7E70021204642F824109847E3
:10C730000020E0E7024B01461868FFF7D3BF00BFB7
:10C74000B001002038B50023064D044608461146C6
:10C750002B60F5F7F5F9431C02D12B6803B1236078
:10C7600038BD00BFA805002038B50023054D04469C
:10C7700008462B60F5F7F3F9431C02D12B6803B18F
:10C78000236038BDA805002038B50023064D0446B7
:10C79000084611462B60F5F774F9431C02D12B684B
:10C7A00003B1236038BD00BFA8050020F5F762B9CA
:10C7B000F8B500BFF8BC08BC9E467047F8B500BF8E
:08C7C000F8BC08BC9E4670475E
:10C7C800496E69742E2E2E004779726F7A3A0000EE
:10C7D8004C7370643A000000527370643A000000B1
:10C7E80028252E32662C252E32662C252E326629D7
:10C7F8000D0A0000783D00007A3D00004CCD6C0029
:10C808000CC92C003656760026466600FEF2ABC4EC
:10C81800AAF1DFDFBBAFDFDFB8AAB38DB4980D355F
:10C828005D000000B8AAAAAAB088C3C5C700000066
:10C83800D8B1B9F38BA391B609B4D900DAB1B9F379
:10C848008BA391B6DAB4DA00000000000000000003
:10C85800010203040607080900000000010203049E
:10C8680001000000010000000100000075191A0C09
:10C878006A231B1C00001F207274433B4138393A5D
:10C88800006B6C376F06246D6E7000006800000442
:10C8980076005401F7FD0001830000000008000045
:10C8A8000001001832000500000020410000D242BB
:10C8B800295C0F3E9A99993E3333733F295C0F3EAA
:10C8C80000007000000000240000000200030000C7
:10C8D80000650054FFEF0000FA80000B128200018F
:10C8E800030C30C30E8C8CE914D5400213710F8EE3
:10C8F8003883F8833000F883258EF8833000F88376
:10C90800FFFFFFFF0FFEA9D6240004001A8279A1B9
:10C918000000003CFFFF00000010000038836FA2F9
:10C92800003E03304000000002CAE3093E800000D8
:10C93800200000000000000040000000600000002F
:10C94800000C0000000C186E000006920A16C0DFEA
:10C95800FFFF0256FD8CD377FFE1C496E0C5BEAA5F
:10C9680000000000FFFF0B2B0000165700000359C2
:10C978004000000000001DFA00026C1D00000000CD
:10C988003FFFDFEB003EB3B6000D227800002F3CDE
:10C9980000000000001942B5000039A20000B3658C
:10C9A800D90E9FC91DCF4C34300000005000000044
:10C9B8003BB67AE80064000000C8000000000000F0
:10C9C800100000001000FA921000225E000D229F55
:10C9D8000001000000320000FF46000063D40000A0
:10C9E8001000000004D6000004CC000004CC0000B5
:10C9F800000010720000004000000000000000006D
:10CA080000060002000500070000000000640000A6
:10CA18000000000000000005000500640020000080
:10CA280000000000000000000000400000000300BB
:10CA380000000032F8980000FF650000830F000036
:10CA4800FF9BFC0000000000000000000000000048
:10CA580000000000000000000000000000000000CE
:10CA680000000000000000000000000000001000AE
:10CA780040000000000000060000B26A000200004A
:10CA88000001FB830068000000D9FC007CF1FF83F3
:10CA98000000000000650000006403E8006400284E
:10CAA800000000250000000016A000000000100093
:10CAB80000001000002F0000000001F4000010002A
:10CAC80000280000FFFF4581FFFFFA720000000008
:10CAD80000000000004400050005BAC6004778A21F
:10CAE8000000000100000000000006000000001423
:10CAF8000000254D002F706D000005AE000C02D01F
:10CB0800000000000000000000000000000000001D
:10CB1800001B0000000000000000000000000000F2
:10CB28000064000000080000000000000000000091
:10CB380000000000000000000000000000000000ED
:10CB480000000000000000000000000000000000DD
:10CB580000000000000000000000000000000000CD
:10CB680000000000000000000000000000000000BD
:10CB780000000000000000000000000000000000AD
:10CB8800001B00000000000000000000000E000E66
:10CB980000000AC70004000000000032FFFFFF9CED
:10CBA80000000B2B000000020000000100000064E0
:10CBB800FFE5000000000000000000000000000089
:10CBC800000000010000000000010000000000005B
:10CBD800000180000001800000018000002426D3AD
:10CBE8000000000000000000000600100096003C55
:10CBF800000000000000000000000000000000002D
:10CC08000C0A4E68CDCF770950166759C619CE82DF
:10CC1800000000000000000000000000000000000C
:10CC2800000000000000000017D784000300000087
:10CC38000000000000000000C7938F9D1E1B1C19F8
:10CC480000000000000000000000000000000000DC
:10CC580000000000000000000203188500004000EA
:10CC680000000003000000030000000000000000B6
:10CC7800400000000000000000000000000000006C
:10CC8800000000000000000000000000000000009C
:10CC9800000000000000000000000000000000008C
:10CCA80000000000677DDF7E72902E554CF6E68806
:10CCB800000000000000000000000000000000006C
:10CCC800D8DCB4B8B0D8B9ABF3F8FAB3B7BB8E9E1A
:10CCD800AEF132F51BF1B4B8B08097F1A9DFDFDF10
:10CCE800AADFDFDFF2AAC5CDC7A90CC92C97F1A925
:10CCF80089264666B28999A92D557DB0B08AA8962D
:10CD0800365676F1BAA3B4B280C0B8A89711B283E8
:10CD180098BAA3F0240844106418B2B9B49883F1FF
:10CD2800A329557DBAB5B1A38393F0002850F5B275
:10CD3800B6AA839328547CF1B9A3829361BAA2DA84
:10CD4800DEDFDB819AB9AEF5606870F1DABAA2DF8E
:10CD5800D9BAA2FAB9A38292DB31BAA2D9BAA2F897
:10CD6800DF85A4D0C1BBAD83C2C5C7B8A2DFDFDFF2
:10CD7800BAA0DFDFDFD8D8F1B8AAB38DB4980D35E3
:10CD88005DB2B6BAAF8C96198F9FA70E161EB49ACD
:10CD9800B8AA872C547CBAA4B08AB691325676B217
:10CDA8008494A4C808CDD8B8B4B0F19982A82D55F8
:10CDB8007D98A80E161EA22C547C92A4F02C5078B4
:10CDC800F184A898C4CDFCD80DDBA8FC2DF3D9BA02
:10CDD800A6F8DABAA6DED8BAB2B68696A6D0F3C84E
:10CDE80041DAA6C8F8D8B0B4B882A892F52C54880D
:10CDF80098F135D9F418D8F1A2D0F8F9A884D9C790
:10CE0800DFF8F883C5DADF69DF83C1D8F40114F1EC
:10CE1800A8824EA884F311D182F5D992289788F177
:10CE280009F41C1CD884A8F3C0F9D1D99782F12938
:10CE3800F40DD8F3F9F9D1D982F4C203D8DEDF1A98
:10CE4800D8F1A2FAF9A88498D9C7DFF8F8F883C707
:10CE5800DADF69DFF883C3D8F40114F198A8822EC9
:10CE6800A884F311D182F5D992509788F109F41C5E
:10CE7800D884A8F3C0F8F9D1D99782F149F40DD82C
:10CE8800F3F9F9D1D982F4C403D8DEDFD8F1AD883B
:10CE980098CCA809F9D98292A8F57CF1883ACF9460
:10CEA8004A6E98DB6931DAADF2DEF9D88795A8F2D7
:10CEB80021D1DAA5F9F417D9F1AE8ED0C0C3AE826C
:10CEC800C684C3A88595C8A588F2C0F1F4010EF1FF
:10CED8008E9EA8C63E56F554F18872F40115F19855
:10CEE80045856EF58E9E0488F142985A8E9E068876
:10CEF80069F4011CF1981E1108D0F504F11E97027F
:10CF080002983625DBF9D985A5F3C1DA85A5F3DFC3
:10CF1800D88595A8F309DAA5FAD88292A8F578F108
:10CF2800881A849F26889821DAF41DF3D8879F39B8
:10CF3800D1AFD9DFDFFBF9F40CF3D8FAD0F8DAF97E
:10CF4800F9D0DFD9F9D8F40BD8F3879F39D1AFD905
:10CF5800DFDFF41DF3D8FAFCA869F9F9AFD0DADEFF
:10CF6800FAD9F88F9FA8F1CCF398DB45D9AFDFD079
:10CF7800F8D8F18F9FA8CAF38809DAAF8FCBF8D811
:10CF8800F2AD978D0CD9A5DFF9BAA6F3FAF412F22F
:10CF9800D8950DD1D9BAA6F3FADAA5F2C1BAA6F393
:10CFA800DFD8F1BAB2B68696A6D0CAF349DAA6CBCC
:10CFB800F8D8B0B4B8D8AD84F2C0DFF18FCBC3A82D
:10CFC800B2B68696C8C1CBC3F3B0B48898A821DBA3
:10CFD800718D9D71859521D9ADF2FAD88597A828CC
:10CFE800D9F408D8F28D29DAF405D9F285A4C2F269
:10CFF800D8A88D9401D1D9F411F2D88721D8F40A90
:10D00800D8F28498A8C801D1D9F411D8F3A4C8BB20
:10D01800AFD0F2DEF8F8F8F8F8F8F8F8D8F1B8F682
:10D02800B5B9B08A95A3DE3CA3D9F8D85CA3D9F8E2
:10D03800D87CA3D9F8D8F8F9D1A5D9DFDAFAD8B1CC
:10D048008530F7D9DED8F830ADDADED8F2B48C996D
:10D05800A32D557DA083DFDFDFB591A0F629D9FB8D
:10D06800D8A0FC29D9FAD8A0D051D9F8D8FC51D9E0
:10D07800F9D879D9FBD8A0D0FC79D9FAD8A1F9F98F
:10D08800F9F9F9A0DADFDFDFD8A1F8F8F8F8F8AC99
:10D09800DEF8ADDE8393AC2C547CF1A8DFDFDFF63D
:10D0A8009D2CDAA0DFD9FADB2DF8D8A850DAA0D069
:10D0B800DED9D0F8F8F8DB55F8D8A878DAA0D0DFB0
:10D0C800D9D0FAF8F8F8F8DB7DF8D89CA88CF530B8
:10D0D800DB38D9D0DEDFA0D0DEDFD8A848DB58D9CE
:10D0E800DFD0DEA0DFD0DED8A868DB70D9DFDFA014
:10D0F800DFDFD8F1A888902C547C98A8D05C38D170
:10D10800DAF2AE8CDFF9D8B087A8C1C1B188A8C659
:10D11800F9F9DA36D8A8F9DA36D8A8F9DA36D8A873
:10D12800F9DA36D8A8F9DA36D8F78D9DADF818DAD5
:10D13800F2AEDFD8F7ADFA30D9A4DEF9D8F2AEDE18
:10D14800FAF983A7D9C3C5C7F1889BA77AADF7DEDB
:10D15800DFA4F8849408A797F300AEF29819A4887E
:10D16800C6A39488F632DFF28393DB09D9F2AADFEB
:10D17800D8D8AEF8F9D1DAF3A4DEA7F1889B7AD82B
:10D18800F38494AE19F9DAAAF1DFD8A881C0C3C52F
:10D19800C7A39283F628ADDED9F8D8A350ADD9F845
:10D1A800D8A378ADD9F8D8F8F9D1A1DADEC3C5C7C4
:10D1B800D8A18194F818F2B089ACC3C5C7F1D8B822
:10D1C800B4B09786A8319B069907AB9728889BF03F
:10D1D8000C201440B0B4B8F0A88A9A285078B79BAD
:10D1E800A8295179247059446938644831F1BBAB96
:10D1F80088002C547CF0B38BB8A804285078F1B080
:10D2080088B49726A85998BBABB38B02264666B05C
:10D21800B8F08A9CA82951798B2951798A247059A8
:10D228008B2058718A4469388B3940688A64483140
:10D238008B30496088F1AC002C547CF08CA8042811
:10D248005078F1889726A85998AC8C02264666F043
:10D25800899CA8295179247059446938644831A9AE
:10D268008809205970AB11384069A8193148608C79
:10D27800A83C415C207C00F187981986A86E767ED0
:10D28800A999882D557DD8B1B5B9A3DFDFDFAED018
:10D29800DFAAD0DEF2ABF8F9D9B087C4AAF1DFDF94
:10D2A800BBAFDFDFB9D8B1F1A3978E60DFB084F2EE
:10D2B800C8F8F9D9DED89385F14AB183A308B583B4
:10D2C8009A0810B79F10D8F1B0BAAEB08AC2B2B6F9
:10D2D8008E9EF1FBD9F41DD8F9D90CF1D8F8F8AD28
:10D2E80061D9AEFBD8F40CF1D8F8F8AD19D9AEFB7A
:10D2F800DFD8F416F1D8F8AD8D61D9F4F4ACF59C0B
:10D308009C8DDF2BBAB6AEFAF8F40BD8F1AED0F894
:10D31800AD51DAAEFAF8F1D8B9B1B6A3839C08B921
:10D32800B1839AB5AAC0FD3083B79F10B58B93F22D
:10D338000202D1ABDADED8F1B080BAABC0C3B28496
:10D34800C1C3D8B1B9F38BA391B609B4D9ABDEB0D8
:10D35800879CB9A3DDF1B38B8B8B8B8BB087A3A391
:10D36800A3A3B28BB69BF2A3A3A3A3A3A3A3A3A334
:10D37800A3F1B087B59AA3F39BA3A3DCBAACDFB93A
:10D38800A3A3A3A3A3A3A3A3A3A3A3A3A3A3A3A365
:10D39800D8D8D8BBB3B7F1AAF9DAFFD9809AAA28A6
:10D3A800B48098A720B79787A86688F07951F1903C
:10D3B8002C870CA781976293F0717160859401297D
:10D3C800517990A5F1284C6C870C95188578A38322
:10D3D80090284C6C886CD8F3A28200F210A892199D
:10D3E80080A2F2D926D8F188A84DD948D896A8396C
:10D3F80080D93CD89580A839A68698D92CDA87A7F1
:10D408002CD8A8899519A980D938D8A88939A9808C
:10D41800DA3CD8A82EA83990D90CD8A8953198D933
:10D428000CD8A809D9FFD801DAFFD89539A9DA2686
:10D43800FFD890A80D8999A810809821DA2ED8894C
:10D4480099A83180DA2ED8A886963180DA2ED8A805
:10D45800873180DA2ED8A88292F34180F1D92ED86C
:10D46800A882F31980F1D92ED882ACF3C0A2802209
:10D47800F1A62EA72EA92298A829DAACDEFFD8A2F9
:10D48800F22AF1A92E8292A8F23180A696F1D9004B
:10D49800AC8C9C0C30ACDED0DEFFD88C9CACD010B1
:10D4A800ACDE8092A2F24C82A8F1CAF235F19688DD
:10D4B800A6D900D8F1FF000000000000000000001D
:10D4C8000000000000000000000000F8000000005C
:10D4D800000000333000000000100C06100C06009D
:10D4E800000000000000000040C07840C078400004
:10D4F800043F04043F040400007088FC0830000066
:10D50800001820FF211E0000F008F000E0180000BD
:10D5180000211C031E211E0000F008887000000076
:10D528001E2123241927211010160E0000000000C8
:10D538000000000000000000000000E018040200E5
:10D54800000000071820400000020418E000000056
:10D558000040201807000000404080F08040400054
:10D568000202010F01020200000000F000000000AA
:10D578000101011F0101010000000000000000007E
:10D5880080B07000000000000000000000000000F3
:10D59800000101010101010100000000000000007C
:10D5A8000030300000000000000000008060180417
:10D5B800006018060100000000E010080810E000F4
:10D5C800000F102020100F00001010F800000000BD
:10D5D8000020203F20200000007008080888700004
:10D5E8000030282422213000003008888848300084
:10D5F8000018202020110E000000C02010F80000A4
:10D6080000070424243F240000F80888880808003C
:10D618000019212020110E0000E010888818000051
:10D62800000F112020110E0000380808C838080023
:10D638000000003F000000000070880808887000A3
:10D64800001C222121221C0000E010080810E00024
:10D658000000312222110F00000000C0C0000000AD
:10D6680000000030300000000000008000000000D2
:10D6780000008060000000000000804020100800CA
:10D688000001020408102000404040404040400093
:10D69800040404040404040000081020408000006E
:10D6A8000020100804020100007048080808F00073
:10D6B8000000003036010000C030C828E810E00043
:10D6C8000718272423140B000000C038E0000000CE
:10D6D800203C23020227382008F888888870000038
:10D6E800203F202020110E00C0300808080838000C
:10D6F800071820202010080008F808080810E00083
:10D70800203F202020100F0008F88888E808100023
:10D71800203F20202320180008F88888E8081000F7
:10D72800203F200003000000C0300808083800002F
:10D7380007182020221E020008F808000008F80830
:10D74800203F210101213F20000808F808080000B7
:10D758000020203F2020000000000808F8080800EA
:10D76800C08080807F00000008F888C02818080062
:10D77800203F20012638200008F80800000000009B
:10D78800203F20202020300008F8F800F8F8080092
:10D79800203F003F003F200008F830C00008F8088C
:10D7A800203F200007183F00E01008080810E0009C
:10D7B8000F10202020100F0008F808080808F000B3
:10D7C800203F210101010000E01008080810E000D6
:10D7D8000F18242438504F0008F88888888870006B
:10D7E800203F2000030C302000708808080838000B
:10D7F8000038202121221C00180808F80808180001
:10D808000000203F2000000008F808000008F80881
:10D81800001F202020201F000878880000C8380832
:10D82800000007380E010000F80800F80008F800AA
:10D83800033C0700073C0300081868808068180844
:10D8480020302C03032C30200838C800C8380800C2
:10D858000000203F2000000010080808C838080011
:10D868002038262120201800000000FE02020200B5
:10D878000000007F40404000000C30C00000000065
:10D88800000000010638C00000020202FE0000008D
:10D89800004040407F000000000004020202040033
:10D8A8000000000000000000000000000000000070
:10D8B8008080808080808080000202040000000058
:10D8C8000000000000000000000080808080000050
:10D8D8000019242222223F2008F80080800000003E
:10D8E800003F112020110E00000000808080000001
:10D8F800000E112020201100000000808088F80010
:10D90800000E112020103F20000080808080000041
:10D91800001F222222221300008080F088888818A5
:10D928000020203F202000000000808080808000B0
:10D93800006B94949493600008F800808080000045
:10D94800203F210000203F20008098980000000020
:10D958000020203F20200000000000809898000050
:10D9680000C08080807F000008F800008080800070
:10D97800203F24022D302000000808F80000000095
:10D988000020203F20200000808080808080800050
:10D99800203F20003F20003F8080008080800000E2
:10D9A800203F210000203F20000080808080000070
:10D9B800001F202020201F008080008080000000A1
:10D9C80080FFA12020110E000000008080808000D0
:10D9D800000E112020A0FF808080800080808000C1
:10D9E80020203F21200001000000808080808000EE
:10D9F8000033242424241900008080E08080000063
:10DA08000000001F202000008080000000808000AF
:10DA1800001F202020103F20808080000080808010
:10DA280000010E30080601008080008000808080A0
:10DA38000F300C030C300F000080800080808000C5
:10DA48000020312E0E3120008080800000808080F0
:10DA580080818E70180601000080808080808000A0
:10DA68000021302C2221300000000000807C0202BE
:10DA780000000000003F404000000000FF000000E0
:10DA880000000000FF0000000002027C800000008F
:10DA98000040403F000000000006010102020404AB
:10DAA8000000000000000000020304050607080942
:10DAB8000A0B0C0D0E0F101001022E00340000008E
:10DAC800CEFBFFFFCB0300000100000000000000B8
:10DAD80035000000CEFBFFFFCB0300000100000073
:10DAE8000000000000000000BC89D897B2D29C3C1E
:10DAF80033A7A8D523F649393DA7F444FD0FA5322D
:10DB08009D978CCF08BA5B25436FAC6428066811D3
:10DB1800494E4600696E66004E414E006E616E00C9
:10DB280030003031323334353637383941424344A6
:10DB3800454600303132333435363738396162631F
:10DB4800646566005245454E54206D616C6C6F6388
:10DB580020737563636565646564002F6275696C1D
:10DB6800642F676E752D746F6F6C732D666F722DD1
:10DB780073746D33325F31322E332E72656C312EF1
:10DB880032303234303631322D313331352F7372F1
:10DB9800632F6E65776C69622F6E65776C69622F8B
:10DBA8006C6962632F737472696E672F7374727411
:10DBB8006F6B2E63004300504F534958002C20666A
:10DBC800756E6374696F6E3A200061737365727461
:10DBD800696F6E2022257322206661696C65643A3C
:10DBE8002066696C6520222573222C206C696E657D
:10DBF800202564257325730A00496E66696E697469
:10DC080079004E614E002F6275696C642F676E75DE
:10DC18002D746F6F6C732D666F722D73746D333244
:10DC28005F31322E332E72656C312E323032343001
:10DC38003631322D313331352F7372632F6E65775C
:10DC48006C69622F6E65776C69622F6C6962632FED
:10DC58007374646C69622F64746F612E630042612F
:10DC68006C6C6F6320737563636565646564002F0E
:10DC78006275696C642F676E752D746F6F6C732D88
:10DC8800666F722D73746D33325F31322E332E729C
:10DC9800656C312E32303234303631322D313331F9
:10DCA800352F7372632F6E65776C69622F6E657797
:10DCB8006C69622F6C6962632F7374646C69622F7C
:10DCC8006764746F612D6765746865782E63002FCB
:10DCD8006275696C642F676E752D746F6F6C732D28
:10DCE800666F722D73746D33325F31322E332E723C
:10DCF800656C312E32303234303631322D31333199
:10DD0800352F7372632F6E65776C69622F6E657736
:10DD18006C69622F6C6962632F7374646C69622F1B
:10DD28006D707265632E6300050000001900000025
:10DD38007D000000000000000080E03779C3414307
:10DD4800176E05B5B5B89346F5F93FE9034F384D59
:10DD5800321D30F94877825A3CBF737FDD4F157505
:10DD6800000000000000F03F000000000000244018
:10DD780000000000000059400000000000408F40F3
:10DD8800000000000088C34000000000006AF8405E
:10DD98000000000080842E4100000000D012634182
:10DDA8000000000084D797410000000065CDCD41F8
:10DDB800000000205FA00242000000E876483742D9
:10DDC800000000A2941A6D42000040E59C30A24277
:10DDD8000000901EC4BCD64200003426F56B0C43EC
:10DDE8000080E03779C3414300A0D8855734764393
:10DDF80000C84E676DC1AB43003D9160E458E143F4
:10DE0800408CB5781DAF154450EFE2D6E41A4B4468
:10DE180092D54D06CFF08044F64AE1C7022DB544AD
:10DE2800B49DD9794378EA4400202020202020207E
:10DE380020202828282828202020202020202020B2
:10DE480020202020202020202088101010101010C2
:10DE5800101010101010101010040404040404040E
:10DE680004040410101010101010414141414141A8
:10DE7800010101010101010101010101010101018A
:10DE8800010101011010101010104242424242429A
:10DE9800020202020202020202020202020202025A
:10DEA8000202020210101010200000000000000002
:10DEB800000000000000000000000000000000005A
:10DEC800000000000000000000000000000000004A
:10DED800000000000000000000000000000000003A
:10DEE800000000000000000000000000000000002A
:10DEF800000000000000000000000000000000001A
:10DF08000000000000000000000000000000000009
:10DF180000000000000000000000000000000000F9
:10DF2800000000000000000000232D302B200068B6
:0CDF38006C4C0065666745464700000021
:08DF44000C22FF7F0100000028
:04DF4C003501000893
:04DF500011010008B3
:10DF540000127A0074C8000894C800080000000089
:10DF640000000000000000000000000000000000AD
:10DF7400000000000000000000000000A0C800082D
:10DF84001000000001000000000000000300000079
:10DF94006C040020430000000000000000000000AA
:10DFA400000000000000000000000000000000006D
:10DFB400000000004300000000000000000000001A
:10DFC400000000000000000000000000000000004D
:10DFD40000000000430000000000000000000000FA
:10DFE400000000000000000000000000000000002D
:10DFF40000000000430000000000000000000000DA
:10E00400000000000000000000000000000000000C
:10E0140000000000430000000000000000000000B9
:10E0240000000000000000000000000000000000EC
:10E034000000000043000000000000000000000099
:10E0440000000000000000000000000000000000CC
:10E054000000000043000000000000000000000079
:10E0640000000000000000000000000000000000AC
:10E074000000000099C0000811B70008000000006B
:10E0840030DE0008C2DA000800DC000800DC00080A
:10E0940000DC000800DC000800DC000800DC0008EC
:10E0A40000DC000800DC000800DC0008FFFFFFFFC4
:10E0B400FFFFFFFFFFFFFFFFFFFF000001004153D1
:10E0C4004349490000000000000000000000000077
:10E0D40000000000000000000000000000004153A8
:10E0E4004349490000000000000000000000000057
:10E0F400000000000000000000000000000000001C
:10E10400B4010020000000006C040020D4040020AE
:10E114003C0500200000000000000000000000009A
:10E1240000000000000000000000000000000000EB
:10E1340000000000000000000000000000000000DB
:10E1440000000000000000000000000000000000CB
:040000050800217559
:00000001FF
